gid,seas,wk,day,v,h,stad,temp,humd,wspd,wdir,cond,surf,ou,sprv,ptsv,ptsh
3189,2012,1,WED,DAL,NYG,MetLife Stadium,77,63,5,WNW,Fair,FieldTurf,44.5,4,24,17
3190,2012,1,SUN,IND,CHI,Soldier Field,67,66,13,N,Partly Cloudy,Grass,43.5,10,21,41
3191,2012,1,SUN,PHI,CLE,Cleveland Browns Stadium,68,57,9,NNW,Sunny,Grass,43,-9.5,17,16
3192,2012,1,SUN,ATL,KC,Arrowhead Stadium,69,47,7,NE,Sunny,Grass,43.5,-2.5,40,24
3193,2012,1,SUN,BUF,NYJ,Metlife Stadium,74,48,1,W,Sunny,FieldTurf,38.5,3,28,48
3194,2012,1,SUN,STL,DET,Ford Field,,,,,Dome,FieldTurf,45.5,8.5,23,27
3195,2012,1,SUN,WAS,NO,Mercedes-Benz Superdome,,,,,Dome,UBU Speed Series S5M,49.5,7.5,40,32
3196,2012,1,SUN,MIA,HOU,Reliant Stadium,,,,,Closed Roof,Grass,42.5,13,10,30
3197,2012,1,SUN,NE,TEN,LP Field,,,,,Sunny,Grass,47,-4.5,34,13
3198,2012,1,SUN,JAC,MIN,Mall of America Field at HHH Metrodome,,,,,Dome,AstroTurf,38,3.5,23,26
3199,2012,1,SUN,CAR,TB,Raymond James Stadium,83,79,15,SW,Cloudy,Grass,47,-2.5,10,16
3200,2012,1,SUN,SEA,ARI,University of Phoenix Stadium,,,,,Closed Roof,Grass,40.5,-3,16,20
3201,2012,1,SUN,SF,GB,Lambeau Field,72,40,11,NW,Partly Cloudy,DD GrassMaster,46.5,5,30,22
3202,2012,1,SN,PIT,DEN,Sports Authority Field at Mile High,85,12,10,NE,Sunny,Grass,46,2,19,31
3203,2012,1,MN,CIN,BAL,M&T Bank Stadium,74,37,10,NW,Clear,MomentumTurf,41,7,13,44
3204,2012,1,MN,SD,OAK,Oakland-Alameda County Coliseum,67,59,11,WNW,Sunny,Grass,46.5,1,22,14
3205,2012,2,THU,CHI,GB,Lambeau Field,60,67,0,CALM,Cloudy,DD GrassMaster,51,6,10,23
3206,2012,2,SUN,CLE,CIN,Paul Brown Stadium,76,37,5,SSE,Sunny,FieldTurf,39.5,7,27,34
3207,2012,2,SUN,KC,BUF,Ralph Wilson Stadium,66,55,11,WSW,Mostly Sunny,A Turf Titan,44.5,3,17,35
3208,2012,2,SUN,MIN,IND,Lucas Oil Stadium,72,41,7,SSE,Sunny,AstroTurf,44.5,-3,20,23
3209,2012,2,SUN,BAL,PHI,Lincoln Financial Field,72,40,5,W,Sunny,Grass,46.5,2.5,23,24
3210,2012,2,SUN,TB,NYG,MetLife Stadium,73,39,1,W,Mostly Sunny,FieldTurf,44,7,34,41
3211,2012,2,SUN,HOU,JAC,EverBank Field,83,66,5,E,Sunny,Grass,41,-7,27,7
3212,2012,2,SUN,NO,CAR,Bank of America Stadium,71,85,4,ENE,Cloudy,Grass,51.5,-2.5,27,35
3213,2012,2,SUN,ARI,NE,Gillette Stadium,64,55,2,S,Partly Cloudy,FieldTurf,48,13.5,20,18
3214,2012,2,SUN,WAS,STL,Edward Jones Dome,,,,,Dome,AstroTurf,44,-3.5,28,31
3215,2012,2,SUN,DAL,SEA,CenturyLink Field,68,56,4,NNW,Sunny,FieldTurf,42.5,-3,7,27
3216,2012,2,SUN,TEN,SD,Qualcomm Stadium,85,37,8,S,Sunny,Grass,43,7,10,38
3217,2012,2,SUN,OAK,MIA,Sun Life Stadium,80,75,8,E,Cloudy,Grass,39,-2.5,13,35
3218,2012,2,SUN,NYJ,PIT,Heinz Field,71,36,2,ENE,Fair,Grass,42,5.5,10,27
3219,2012,2,SN,DET,SF,Candlestick Park,62,62,15,NW,Mostly Sunny,Grass,46,7,19,27
3220,2012,2,MN,DEN,ATL,Georgia Dome,,,,,Dome,FieldTurf,51,3,21,27
3221,2012,3,THU,NYG,CAR,Bank of America Stadium,75,56,3,WSW,Partly Cloudy,Grass,50,2.5,36,7
3222,2012,3,SUN,STL,CHI,Soldier Field,56,42,10,NW,Partly Cloudy,Grass,44.5,7,6,23
3223,2012,3,SUN,BUF,CLE,Cleveland Browns Stadium,53,79,9,SW,Rain,Grass,43,-3,24,14
3224,2012,3,SUN,JAC,IND,Lucas Oil Stadium,59,46,10,WNW,Partly Cloudy,AstroTurf,42,3,22,17
3225,2012,3,SUN,TB,DAL,Cowboys Stadium,,,,,Closed Roof,AstroTurf,46.5,7,10,16
3226,2012,3,SUN,NYJ,MIA,Sun Life Stadium,83,76,4,NNW,Mostly Cloudy,Grass,40,-2.5,23,20
3227,2012,3,SUN,CIN,WAS,FedExField,65,40,6,N,Sunny,Grass,49,3,38,31
3228,2012,3,SUN,KC,NO,Mercedes-Benz Superdome,84,,,,Dome,UBU Speed Series S5M,53,8.5,27,24
3229,2012,3,SUN,DET,TEN,LP Field,68,32,5,E,Sunny,Grass,47,-3.5,41,44
3230,2012,3,SUN,SF,MIN,Mall of America Field at HHH Metrodome,67,,,,Dome,UBU Speed Series S5M,43,-7,13,24
3231,2012,3,SUN,PHI,ARI,University of Phoenix Stadium,,,,,,Grass,43.5,-3.5,6,27
3232,2012,3,SUN,ATL,SD,Qualcomm Stadium,82,52,13,WSW,Sunny,Grass,47.5,3,27,3
3233,2012,3,SUN,HOU,DEN,Sports Authority Field at Mile High,84,10,13,NW,Partly Sunny,Grass,46,-2,31,25
3234,2012,3,SUN,PIT,OAK,Oakland-Alameda County Coliseum,69,53,10,WNW,Cloudy,Grass,44.5,-4,31,34
3235,2012,3,SN,NE,BAL,M&T Bank Stadium,67,39,5,NW,Partly Cloudy,MomentumTurf,49.5,3,30,31
3236,2012,3,MN,GB,SEA,CenturyLink Field,67,49,3,NW,Sunny,FieldTurf,47,-3,12,14
3237,2012,4,THU,CLE,BAL,M&T Bank Stadium,77,64,5,E,Rain,MomentumTurf,43.5,12,16,23
3238,2012,4,SUN,NE,BUF,Ralph Wilson Stadium,58,72,7,N,Partly Cloudy,A Turf Titan,48.5,-4,52,28
3239,2012,4,SUN,SD,KC,Arrowhead Stadium,67,54,0,CALM,Cloudy,Grass,44.5,-1,37,20
3240,2012,4,SUN,CAR,ATL,Georgia Dome,,,,,Dome,FieldTurf,48.5,7,28,30
3241,2012,4,SUN,SF,NYJ,Metlife Stadium,67,50,4,WNW,Partly Cloudy,FieldTurf,41,-4,34,0
3242,2012,4,SUN,MIN,DET,Ford Field,68,,,,Dome,FieldTurf,49,4,20,13
3243,2012,4,SUN,SEA,STL,Edward Jones Dome,,,,,Dome,AstroTurf,39,-3,13,19
3244,2012,4,SUN,TEN,HOU,Reliant Stadium,71,91,15,NNW,Closed Roof,Grass,44.5,12.5,14,38
3245,2012,4,SUN,OAK,DEN,Sports Authority Field at Mile High,72,26,6,NE,Mostly Sunny,Grass,48.5,7,6,37
3246,2012,4,SUN,MIA,ARI,University of Phoenix Stadium,,,,,Closed Roof,Grass,40.5,4.5,21,24
3247,2012,4,SUN,CIN,JAC,EverBank Field,86,62,7,SE,Chance Rain,Grass,44.5,-1,27,10
3248,2012,4,SUN,WAS,TB,Raymond James Stadium,89,52,11,SSW,Sunny,Grass,46.5,2,24,22
3249,2012,4,SUN,NO,GB,Lambeau Field,64,58,7,E,Partly Cloudy,DD GrassMaster,53,7.5,27,28
3250,2012,4,SN,NYG,PHI,Lincoln Financial Field,63,59,6,W,Partly Cloudy,Grass,47,2.5,17,19
3251,2012,4,MN,CHI,DAL,Cowboys Stadium,80,28,3,N,Closed Roof,AstroTurf,41.5,3,34,18
3252,2012,5,THU,ARI,STL,Edward Jones Dome,,,,,Dome,AstroTurf,38.5,-1,3,17
3253,2012,5,SUN,MIA,CIN,Paul Brown Stadium,49,55,6,WSW,Cloudy,UBU Speed Series S5M,45,3,17,13
3254,2012,5,SUN,BAL,KC,Arrowhead Stadium,47,45,0,CALM,Sunny,Grass,46.5,-6.5,9,6
3255,2012,5,SUN,GB,IND,Lucas Oil Stadium,,,,,Closed Roof,AstroTurf,48,-7,27,30
3256,2012,5,SUN,CLE,NYG,MetLife Stadium,51,84,2,S,Rain,FieldTurf,44,8.5,27,41
3257,2012,5,SUN,ATL,WAS,FedExField,52,77,3,NE,Cloudy,Grass,51.5,-3,24,17
3258,2012,5,SUN,PHI,PIT,Heinz Field,48,68,4,WSW,Cloudy,Grass,43,3,14,16
3259,2012,5,SUN,TEN,MIN,Mall of America Field at HHH Metrodome,66,,,,Dome,UBU Speed Series S5M,44,5.5,7,30
3260,2012,5,SUN,CHI,JAC,EverBank Field,88,53,3,SW,Cloudy,Grass,41,-5.5,41,3
3261,2012,5,SUN,SEA,CAR,Bank of America Stadium,63,69,6,N,Cloudy,Grass,43.5,3,16,12
3262,2012,5,SUN,BUF,SF,Candlestick Park,62,70,8,W,Sunny,Grass,44.5,9.5,3,45
3263,2012,5,SUN,DEN,NE,Gillette Stadium,54,65,4,S,Rain,FieldTurf,52,6.5,21,31
3264,2012,5,SN,SD,NO,Mercedes-Benz Superdome,65,,,,Dome,UBU Speed Series S5M,53,3.5,24,31
3265,2012,5,MN,HOU,NYJ,Metlife Stadium,52,69,4,N,Partly Cloudy,FieldTurf,41.5,-8,23,17
3266,2012,6,THU,PIT,TEN,LP Field,64,52,2,W,Clear,Grass,42,-5.5,23,26
3267,2012,6,SUN,CIN,CLE,Cleveland Browns Stadium,70,65,19,S,Sunny,Grass,44,-1,24,34
3268,2012,6,SUN,KC,TB,Raymond James Stadium,85,55,9,E,Sunny,Grass,40,3.5,10,38
3269,2012,6,SUN,STL,MIA,Sun Life Stadium,84,72,20,ENE,Cloudy,Grass,37.5,3.5,14,17
3270,2012,6,SUN,DET,PHI,Lincoln Financial Field,66,58,15,SSW,Sunny,Grass,47.5,4.5,26,23
3271,2012,6,SUN,OAK,ATL,Georgia Dome,,,,,Dome,FieldTurf,48.5,8.5,20,23
3272,2012,6,SUN,IND,NYJ,Metlife Stadium,65,55,14,SW,Clear,FieldTurf,42.5,3,9,35
3273,2012,6,SUN,DAL,BAL,M&T Bank Stadium,69,45,11,SW,Partly Cloudy,MomentumTurf,44.5,3.5,29,31
3274,2012,6,SUN,BUF,ARI,University of Phoenix Stadium,,,,,Closed Roof,Grass,43,4.5,19,16
3275,2012,6,SUN,NE,SEA,CenturyLink Field,63,80,9,SSE,Cloudy,FieldTurf,44.5,-3.5,23,24
3276,2012,6,SUN,NYG,SF,Candlestick Park,61,80,7,NW,Sunny,Grass,44.5,5,26,3
3277,2012,6,SUN,MIN,WAS,FedExField,74,40,14,S,Sunny,Grass,48,2.5,26,38
3278,2012,6,SN,GB,HOU,Reliant Stadium,,,,,Closed Roof,Grass,48,3.5,42,24
3279,2012,6,MN,DEN,SD,Qualcomm Stadium,78,50,7,WSW,Sunny,Grass,49.5,2,35,24
3280,2012,7,THU,SEA,SF,Candlestick Park,80,30,15,S,Sunny,Grass,37.5,7,6,13
3281,2012,7,SUN,TEN,BUF,Ralph Wilson Stadium,55,75,15,WSW,Mostly Sunny,A Turf Titan,46.5,3,35,34
3282,2012,7,SUN,NO,TB,Raymond James Stadium,77,36,8,NNE,Sunny,Grass,49.5,-2,35,28
3283,2012,7,SUN,CLE,IND,Lucas Oil Stadium,60,65,9,S,Sunny,AstroTurf,45.5,2,13,17
3284,2012,7,SUN,WAS,NYG,MetLife Stadium,61,44,11,NW,Mostly Sunny,FieldTurf,51,6,23,27
3285,2012,7,SUN,DAL,CAR,Bank of America Stadium,62,43,8,ENE,Sunny,Grass,46,-2.5,19,14
3286,2012,7,SUN,GB,STL,Edward Jones Dome,,,,,Dome,AstroTurf,45.5,-5.5,30,20
3287,2012,7,SUN,BAL,HOU,Reliant Stadium,,,,,Closed Roof,Grass,48.5,7,13,43
3288,2012,7,SUN,ARI,MIN,Mall of America Field at HHH Metrodome,64,,,,Dome,UBU Speed Series S5M,40.5,6.5,14,21
3289,2012,7,SUN,NYJ,NE,Gillette Stadium,62,39,13,WNW,Partly Cloudy,FieldTurf,47.5,10.5,26,29
3290,2012,7,SUN,JAC,OAK,Oakland-Alameda County Coliseum,62,49,11,WSW,Partly Cloudy,Grass,44,4,23,26
3291,2012,7,SN,PIT,CIN,Paul Brown Stadium,55,76,1,S,Clear,UBU Speed Series S5M,45,-1,24,17
3292,2012,7,MN,DET,CHI,Soldier Field,63,89,8,S,Cloudy,Grass,47,6.5,7,13
3293,2012,8,THU,TB,MIN,Mall of America Field at HHH Metrodome,66,,,,Dome,UBU Speed Series S5M,41.5,6.5,36,17
3294,2012,8,SUN,CAR,CHI,Soldier Field,49,51,18,NE,Cloudy,Grass,43,7.5,22,23
3295,2012,8,SUN,SD,CLE,Cleveland Browns Stadium,44,89,19,NNE,Cloudy,Grass,43.5,-3,6,7
3296,2012,8,SUN,ATL,PHI,Lincoln Financial Field,58,75,23,NE,Mostly Cloudy,Grass,43.5,3,30,17
3297,2012,8,SUN,MIA,NYJ,Metlife Stadium,60,62,13,NNE,Clear,FieldTurf,39,2,30,9
3298,2012,8,SUN,SEA,DET,Ford Field,,,,,Dome,FieldTurf,42.5,2.5,24,28
3299,2012,8,SUN,JAC,GB,Lambeau Field,44,47,10,NE,Sunny,DD GrassMaster,45.5,14.5,15,24
3300,2012,8,SUN,NE,STL,Wembley Stadium,49,84,9,SW,Mostly Cloudy,Grass,47,-7,45,7
3301,2012,8,SUN,WAS,PIT,Heinz Field,45,88,10,N,Cloudy,Grass,46,4,12,27
3302,2012,8,SUN,IND,TEN,LP Field,52,49,18,N,Sunny,Grass,47,3.5,19,13
3303,2012,8,SUN,OAK,KC,Arrowhead Stadium,50,40,3,ENE,Sunny,Grass,42,1,26,16
3304,2012,8,SUN,NYG,DAL,Cowboys Stadium,62,,,,Closed Roof,AstroTurf,48,-2,29,24
3305,2012,8,SN,NO,DEN,Sports Authority Field at Mile High,59,30,5,S,Partly Cloudy,Grass,54.5,6,14,34
3306,2012,8,MN,SF,ARI,University of Phoenix Stadium,90,11,5,W,Sunny,Grass,38,-7,24,3
3307,2012,9,THU,KC,SD,Qualcomm Stadium,63,74,12,WSW,Sunny,Grass,42.5,7.5,13,31
3308,2012,9,SUN,DEN,CIN,Paul Brown Stadium,48,59,1,N,Partly Cloudy,UBU Speed Series S5M,47.5,-5,31,23
3309,2012,9,SUN,BAL,CLE,Cleveland Browns Stadium,39,69,8,NW,Cloudy,Grass,42.5,-3.5,25,15
3310,2012,9,SUN,DET,JAC,EverBank Field,81,,10,SW,Sunny,Grass,44,-6,31,14
3311,2012,9,SUN,ARI,GB,Lambeau Field,39,57,7,NE,Mostly Cloudy,DD GrassMaster,43.5,10,17,31
3312,2012,9,SUN,CAR,WAS,FedExField,50,44,3,NW,Sunny,Grass,46.5,3,21,13
3313,2012,9,SUN,BUF,HOU,Reliant Stadium,,,,,Closed Roof,Grass,47,11,9,21
3314,2012,9,SUN,CHI,TEN,LP Field,50,63,6,NNE,Sunny,Grass,43.5,-5,51,20
3315,2012,9,SUN,MIA,IND,Lucas Oil Stadium,,,,,Closed Roof,AstroTurf,43,-2,20,23
3316,2012,9,SUN,TB,OAK,Oakland-Alameda County Coliseum,,,,,Sunny,Grass,46,1.5,42,32
3317,2012,9,SUN,MIN,SEA,CenturyLink Field,60,89,5,SSE,Cloudy,FieldTurf,39.5,4.5,20,30
3318,2012,9,SUN,PIT,NYG,MetLife Stadium,58,44,5,WNW,Clear,FieldTurf,47.5,3.5,24,20
3319,2012,9,SN,DAL,ATL,Georgia Dome,,,,,Dome,FieldTurf,47.5,4,13,19
3320,2012,9,MN,PHI,NO,Mercedes-Benz Superdome,69,,,,Dome,UBU Speed Series S5M,52.5,3,13,28
3321,2012,10,THU,IND,JAC,EverBank Field,50,0,,CALM,Clear,Grass,42.5,-3,27,10
3322,2012,10,SUN,NYG,CIN,Paul Brown Stadium,69,30,16,SSW,Partly Cloudy,UBU Speed Series S5M,48.5,-4,13,31
3323,2012,10,SUN,SD,TB,Raymond James Stadium,80,51,10,E,Cloudy,Grass,47.5,3,24,34
3324,2012,10,SUN,TEN,MIA,Sun Life Stadium,78,52,20,ENE,Partly Cloudy,Grass,44,6,37,3
3325,2012,10,SUN,DEN,CAR,Bank of America Stadium,71,38,5,SW,,Grass,47.5,-4,36,14
3326,2012,10,SUN,BUF,NE,Gillette Stadium,60,55,12,SSW,Sunny,FieldTurf,52.5,12,31,37
3327,2012,10,SUN,OAK,BAL,M&T Bank Stadium,61,56,6,SSE,Sunny,MomentumTurf,46.5,7.5,20,55
3328,2012,10,SUN,ATL,NO,Mercedes-Benz Superdome,,,,,Dome,UBU Speed Series S5M,53.5,-2.5,27,31
3329,2012,10,SUN,DET,MIN,Mall of America Field at HHH Metrodome,64,,,,Dome,UBU Speed Series S5M,46,-2,24,34
3330,2012,10,SUN,NYJ,SEA,CenturyLink Field,43,66,2,SW,Cloudy,FieldTurf,38.5,6,7,28
3331,2012,10,SUN,STL,SF,Candlestick Park,55,59,5,NE,Sunny,Grass,38.5,11.5,24,24
3332,2012,10,SUN,DAL,PHI,Lincoln Financial Field,,,,,Sunny,Grass,44,-2,38,23
3333,2012,10,SN,HOU,CHI,Soldier Field,54,90,8,W,Rain,Grass,39.5,1,13,6
3334,2012,10,MN,KC,PIT,Heinz Field,45,84,16,W,Light Rain,Grass,42,12,13,16
3335,2012,11,THU,MIA,BUF,Ralph Wilson Stadium,35,73,5,NE,Clear,A Turf Titan,45,1.5,14,19
3336,2012,11,SUN,SD,DEN,Sports Authority Field at Mile High,62,22,3,SE,Sunny,Grass,48.5,7.5,23,30
3337,2012,11,SUN,CIN,KC,Arrowhead Stadium,59,37,20,S,Sunny,Grass,43.5,-3.5,28,6
3338,2012,11,SUN,CLE,DAL,Cowboys Stadium,,,,,Closed Roof,AstroTurf,43.5,7.5,20,23
3339,2012,11,SUN,ARI,ATL,Georgia Dome,,,,,Dome,AstroTurf,44,9.5,19,23
3340,2012,11,SUN,GB,DET,Ford Field,,,,,Dome,FieldTurf,52,-3,24,20
3341,2012,11,SUN,TB,CAR,Bank of America Stadium,53,15,9,NNE,Cloudy,Grass,47.5,-1,27,21
3342,2012,11,SUN,IND,NE,Gillette Stadium,42,62,14,NNE,Clear,FieldTurf,54,-4.5,24,59
3343,2012,11,SUN,NYJ,STL,Edward Jones Dome,,,,,Dome,AstroTurf,38.5,3.5,27,13
3344,2012,11,SUN,PHI,WAS,FedExField,52,55,9,ENE,Cloudy,Grass,44,3.5,6,31
3345,2012,11,SUN,JAC,HOU,Reliant Stadium,,,,,Closed Roof,Grass,40.5,15,37,43
3346,2012,11,SUN,NO,OAK,Oakland-Alameda County Coliseum,61,62,3,W,Partly Cloudy,Grass,54.5,-4.5,38,17
3347,2012,11,SN,BAL,PIT,Heinz Field,46,52,5,E,Clear,Grass,40,-3.5,13,10
3348,2012,11,MN,CHI,SF,Candlestick Park,64,52,12,S,Cloudy,Grass,38,6,7,32
3349,2012,12,THU,HOU,DET,Ford Field,,,,,Dome,FieldTurf,49,-3.5,34,31
3350,2012,12,THU,WAS,DAL,Cowboys Stadium,,,,,Closed Roof,AstroTurf,46,3.5,38,31
3351,2012,12,THU,NE,NYJ,Metlife Stadium,46,72,2,SSW,Clear,FieldTurf,48.5,-7,49,19
3352,2012,12,SUN,MIN,CHI,Soldier Field,41,26,5,W,Partly Cloudy,Grass,38.5,6.5,10,28
3353,2012,12,SUN,OAK,CIN,Paul Brown Stadium,41,47,9,SW,Mostly Sunny,UBU Speed Series S5M,50,8,10,34
3354,2012,12,SUN,PIT,CLE,Cleveland Browns Stadium,34,54,10,SSW,Sunny,Grass,34.5,-1,14,20
3355,2012,12,SUN,ATL,TB,Raymond James Stadium,65,30,7,W,Sunny,Grass,51,-1,24,23
3356,2012,12,SUN,DEN,KC,Arrowhead Stadium,52,38,7,NNE,Sunny,Grass,44,-10.5,17,9
3357,2012,12,SUN,BUF,IND,Lucas Oil Stadium,,,,,Closed Roof,AstroTurf,51,3,13,20
3358,2012,12,SUN,SEA,MIA,Sun Life Stadium,72,51,6,WNW,Sunny,Grass,37.5,-3,21,24
3359,2012,12,SUN,TEN,JAC,EverBank Field,60,,4,NW,Clear,Grass,44.5,-4,19,24
3360,2012,12,SUN,BAL,SD,Qualcomm Stadium,59,82,1,SSW,Partly Cloudy,Grass,47,-1,16,13
3361,2012,12,SUN,STL,ARI,University of Phoenix Stadium,,,,,Closed Roof,Grass,37,1,31,17
3362,2012,12,SUN,SF,NO,Mercedes-Benz Superdome,,,,,Dome,UBU Speed Series S5M,49,-1,31,21
3363,2012,12,SN,GB,NYG,MetLife Stadium,34,60,17,WSW,Clear,FieldTurf,51,3,10,38
3364,2012,12,MN,CAR,PHI,Lincoln Financial Field,36,42,2,WNW,Clear,Grass,40.5,-2.5,30,22
3365,2012,13,THU,NO,ATL,Georgia Dome,,,,,Dome,AstroTurf,53.5,-2.5,13,23
3366,2012,13,SUN,SEA,CHI,Soldier Field,61,76,4,W,Cloudy,Grass,37,3,23,17
3367,2012,13,SUN,JAC,BUF,Ralph Wilson Stadium,52,87,17,SW,Rain,A Turf Titan,41,6,18,34
3368,2012,13,SUN,CAR,KC,Arrowhead Stadium,61,60,0,CALM,Sunny,Grass,41,-5.5,21,27
3369,2012,13,SUN,NE,MIA,Sun Life Stadium,77,66,18,E,Cloudy,Grass,51,-7,23,16
3370,2012,13,SUN,ARI,NYJ,Metlife Stadium,46,89,6,SW,Cloudy,FieldTurf,37,6,6,7
3371,2012,13,SUN,IND,DET,Ford Field,,,,,Dome,FieldTurf,51.5,7,35,33
3372,2012,13,SUN,MIN,GB,Lambeau Field,45,79,8,NW,Cloudy,DD GrassMaster,47,7,14,23
3373,2012,13,SUN,SF,STL,Edward Jones Dome,,,,,Dome,AstroTurf,41,-7.5,13,16
3374,2012,13,SUN,HOU,TEN,LP Field,66,60,19,SSW,Cloudy,Grass,48,-7,24,10
3375,2012,13,SUN,TB,DEN,Sports Authority Field at Mile High,64,16,4,N,Partly Cloudy,Grass,50,7.5,23,31
3376,2012,13,SUN,CIN,SD,Qualcomm Stadium,66,65,14,NW,Cloudy,Grass,46,-1,20,13
3377,2012,13,SUN,CLE,OAK,Oakland-Alameda County Coliseum,61,84,21,W,Cloudy,Grass,39,-2.5,20,17
3378,2012,13,SUN,PIT,BAL,M&T Bank Stadium,57,62,9,S,Partly Cloudy,MomentumTurf,36.5,7,23,20
3379,2012,13,SN,PHI,DAL,Cowboys Stadium,76,54,14,S,Clear,AstroTurf,44,10,33,38
3380,2012,13,MN,NYG,WAS,FedExField,55,98,1,E,Partly Cloudy,Grass,51,-3,16,17
3381,2012,14,THU,DEN,OAK,Oakland-Alameda County Coliseum,57,73,7,WNW,Cloudy,Grass,49.5,-10,26,13
3382,2012,14,SUN,DAL,CIN,Paul Brown Stadium,53,96,6,SSE,Cloudy,UBU Speed Series S5M,46,3.5,20,19
3383,2012,14,SUN,STL,BUF,Ralph Wilson Stadium,37,74,14,E,Cloudy,A Turf Titan,42.5,3,15,12
3384,2012,14,SUN,KC,CLE,Cleveland Browns Stadium,44,70,5,SE,Cloudy,Grass,38,7,7,30
3385,2012,14,SUN,PHI,TB,Raymond James Stadium,69,92,1,WNW,Cloudy,Grass,47.5,7.5,23,21
3386,2012,14,SUN,TEN,IND,Lucas Oil Stadium,,,,,Closed Roof,AstroTurf,46.5,5,23,27
3387,2012,14,SUN,NYJ,JAC,EverBank Field,67,,10,N,Chance Rain,Grass,38.5,-3,17,10
3388,2012,14,SUN,ATL,CAR,Bank of America Stadium,70,50,4,SSW,Cloudy,Grass,48,-3.5,20,30
3389,2012,14,SUN,BAL,WAS,FedExField,51,95,7,NE,Cloudy,Grass,47.5,2.5,28,31
3390,2012,14,SUN,SD,PIT,Heinz Field,45,80,10,ESE,Cloudy,Grass,39.5,7.5,34,24
3391,2012,14,SUN,CHI,MIN,Mall of America Field at HHH Metrodome,72,,,,Dome,UBU Speed Series S5M,39,-3,14,21
3392,2012,14,SUN,MIA,SF,Candlestick Park,62,44,3,W,Sunny,Grass,39,10.5,13,27
3393,2012,14,SUN,NO,NYG,MetLife Stadium,42,88,1,ENE,Rain,FieldTurf,53,5,27,52
3394,2012,14,SUN,ARI,SEA,CenturyLink Field,48,82,8,SE,Rain,FieldTurf,35.5,10,0,58
3395,2012,14,SN,DET,GB,Lambeau Field,33,97,10,E,Snow,DD GrassMaster,48.5,6.5,20,27
3396,2012,14,MN,HOU,NE,Gillette Stadium,59,91,7,SSW,Rain,FieldTurf,51,3.5,14,42
3397,2012,15,THU,CIN,PHI,Lincoln Financial Field,36,55,1,NE,Cloudy,Grass,45.5,-3.5,34,13
3398,2012,15,SUN,GB,CHI,Soldier Field,44,79,9,W,Chance Rain,Grass,43.5,-2.5,21,13
3399,2012,15,SUN,WAS,CLE,Cleveland Browns Stadium,59,67,18,SSW,Sunny,Grass,43.5,-1,38,21
3400,2012,15,SUN,JAC,MIA,Sun Life Stadium,80,60,13,SE,Cloudy,Grass,37.5,7.5,3,24
3401,2012,15,SUN,NYG,ATL,Georgia Dome,,,,,Dome,AstroTurf,50.5,1,0,34
3402,2012,15,SUN,MIN,STL,Edward Jones Dome,,,,,Dome,AstroTurf,38.5,2.5,36,22
3403,2012,15,SUN,DEN,BAL,M&T Bank Stadium,53,74,7,SSE,Cloudy,MomentumTurf,48,-3,34,17
3404,2012,15,SUN,TB,NO,Mercedes-Benz Superdome,74,,,,Dome,UBU Speed Series S5M,54,3.5,0,41
3405,2012,15,SUN,IND,HOU,Reliant Stadium,,,,,Closed Roof,Grass,47.5,10,17,29
3406,2012,15,SUN,SEA,BUF,Rogers Centre,,,,,Closed Roof,Artificial Turf,43,-5.5,50,17
3407,2012,15,SUN,DET,ARI,University of Phoenix Stadium,57,52,3,NW,Sunny,Grass,43.5,-6.5,10,38
3408,2012,15,SUN,CAR,SD,Qualcomm Stadium,59,64,6,SSE,Cloudy,Grass,44.5,3,31,7
3409,2012,15,SUN,PIT,DAL,Cowboys Stadium,,,,,Closed Roof,AstroTurf,45,-2,24,27
3410,2012,15,SUN,KC,OAK,Oakland-Alameda County Coliseum,54,77,2,S,Cloudy,Grass,44,3,0,15
3411,2012,15,SN,SF,NE,Gillette Stadium,34,100,5,ENE,Rain,FieldTurf,46.5,4,41,34
3412,2012,15,MN,NYJ,TEN,LP Field,54,83,10,WNW,Cloudy,Grass,41.5,1.5,10,14
3413,2012,16,SAT,ATL,DET,Ford Field,,,,,Dome,FieldTurf,50,-3.5,31,18
3414,2012,16,SUN,STL,TB,Raymond James Stadium,59,28,8,ESE,Cloudy,Grass,44,3,28,13
3415,2012,16,SUN,IND,KC,Arrowhead Stadium,25,74,7,N,Sunny,Grass,41.5,-7,20,13
3416,2012,16,SUN,NO,DAL,Cowboys Stadium,,,,,Closed Roof,AstroTurf,52,2.5,34,31
3417,2012,16,SUN,SD,NYJ,Metlife Stadium,39,54,13,W,Sunny,FieldTurf,37.5,2.5,27,17
3418,2012,16,SUN,BUF,MIA,Sun Life Stadium,73,47,8,E,Sunny,Grass,41.5,4.5,10,24
3419,2012,16,SUN,WAS,PHI,Lincoln Financial Field,40,52,11,WSW,Sunny,Grass,45,-6.5,27,20
3420,2012,16,SUN,NE,JAC,EverBank Field,58,,0,CALM,Clear,Grass,50.5,-14,23,16
3421,2012,16,SUN,TEN,GB,Lambeau Field,24,68,9,NW,Mostly Sunny,DD GrassMaster,44.5,12.5,7,55
3422,2012,16,SUN,OAK,CAR,Bank of America Stadium,53,43,3,NW,Cloudy,Grass,46.5,8.5,6,17
3423,2012,16,SUN,NYG,BAL,M&T Bank Stadium,51,33,7,SW,Sunny,MomentumTurf,47,-2.5,14,33
3424,2012,16,SUN,CIN,PIT,Heinz Field,35,56,10,SW,Sunny,Grass,42,3,13,10
3425,2012,16,SUN,MIN,HOU,Reliant Stadium,,,,,Closed Roof,Grass,45,8,23,6
3426,2012,16,SUN,CLE,DEN,Sports Authority Field at Mile High,51,22,15,SW,Partly Cloudy,Grass,44,12,12,34
3427,2012,16,SUN,CHI,ARI,University of Phoenix Stadium,,,,,Closed Roof,Grass,36.5,-6,28,13
3428,2012,16,SN,SF,SEA,CenturyLink Field,45,76,3,N,Rain,FieldTurf,39,1,13,42
3429,2012,17,SUN,BAL,CIN,Paul Brown Stadium,26,72,8,SW,Partly Cloudy,UBU Speed Series S5M,41,2.5,17,23
3430,2012,17,SUN,NYJ,BUF,Ralph Wilson Stadium,28,53,18,NW,Mostly Sunny,A Turf Titan,39,3.5,9,28
3431,2012,17,SUN,HOU,IND,Lucas Oil Stadium,,,,,Closed Roof,AstroTurf,46.5,-6.5,16,28
3432,2012,17,SUN,TB,ATL,Georgia Dome,,,,,Dome,AstroTurf,45.5,3.5,22,17
3433,2012,17,SUN,PHI,NYG,MetLife Stadium,32,50,13,WNW,Windy,FieldTurf,45.5,7,7,42
3434,2012,17,SUN,CHI,DET,Ford Field,,,,,Dome,FieldTurf,45,-3,26,24
3435,2012,17,SUN,MIA,NE,Gillette Stadium,28,45,15,NW,Partly Cloudy,FieldTurf,46,10,0,28
3436,2012,17,SUN,CAR,NO,Mercedes-Benz Superdome,,,,,Dome,UBU Speed Series S5M,54,4.5,44,38
3437,2012,17,SUN,CLE,PIT,Heinz Field,28,78,12,WSW,Cloudy,Grass,34.5,11,10,24
3438,2012,17,SUN,JAC,TEN,LP Field,39,50,4,S,Sunny,Grass,41.5,4,20,38
3439,2012,17,SUN,GB,MIN,Mall of America Field at HHH Metrodome,65,,,,Dome,UBU Speed Series S5M,45.5,-3.5,34,37
3440,2012,17,SUN,ARI,SF,Candlestick Park,50,70,5,N,Sunny,Grass,39,16.5,13,27
3441,2012,17,SUN,KC,DEN,Sports Authority Field at Mile High,35,41,10,N,Partly Cloudy,Grass,42,16,3,38
3442,2012,17,SUN,OAK,SD,Qualcomm Stadium,50,80,3,S,Cloudy,Grass,39,10,21,24
3443,2012,17,SUN,STL,SEA,CenturyLink Field,41,77,1,WNW,Sunny,FieldTurf,42.5,11,13,20
3444,2012,17,SUN,DAL,WAS,FedExField,37,53,9,W,Cloudy,Grass,49.5,3,18,28
3445,2012,18,SAT,CIN,HOU,Reliant Stadium,,,,,Closed Roof,Grass,46.5,4,13,19
3446,2012,18,SAT,MIN,GB,Lambeau Field,29,78,9,SW,Cloudy,DD GrassMaster,45.5,9.5,10,24
3447,2012,18,SUN,IND,BAL,M&T Bank Stadium,49,36,8,WSW,Partly Cloudy,MomentumTurf,47,7,9,24
3448,2012,18,SUN,SEA,WAS,FedExField,52,44,3,SW,Cloudy,Grass,46.5,-3,24,14
3449,2012,19,SAT,BAL,DEN,Sports Authority Field at Mile High,13,62,8,E,Partly Cloudy,Grass,46,9.5,38,35
3450,2012,19,SAT,GB,SF,Candlestick Park,48,50,5,W,Cloudy,Grass,45,3,31,45
3451,2012,19,SUN,SEA,ATL,Georgia Dome,,,,,Dome,AstroTurf,46.5,3,28,30
3452,2012,19,SUN,HOU,NE,Gillette Stadium,51,87,10,S,Cloudy,FieldTurf,50.5,9.5,28,41
3453,2012,20,SUN,SF,ATL,Georgia Dome,,,,,Dome,AstroTurf,48.5,-4,28,24
3454,2012,20,SUN,BAL,NE,Gillette Stadium,41,34,23,NW,Clear,FieldTurf,51,8.5,28,13
3455,2012,21,SB,BAL,SF,Mercedes-Benz Superdome,71,,,,Dome,UBU Speed Series S5M,47.5,4.5,34,31
3456,2013,1,THU,BAL,DEN,Sports Authority Field at Mile High,83,30,7,NW,Light Rain,Grass,48,7.5,27,49
3457,2013,1,SUN,NE,BUF,Ralph Wilson Stadium,65,55,11,NE,Sunny,A Turf Titan,51,-9.5,23,21
3458,2013,1,SUN,CIN,CHI,Soldier Field,73,79,11,ENE,Cloudy,Grass,41.5,3,21,24
3459,2013,1,SUN,MIA,CLE,FirstEnergy Stadium,70,80,13,NE,Sunny,Grass,41,1,23,10
3460,2013,1,SUN,OAK,IND,Lucas Oil Stadium,,,,,Closed Roof,AstroTurf,47,10,17,21
3461,2013,1,SUN,KC,JAC,Everbank Field,85,55,10,NE,Clear,Grass,42.5,-4,28,2
3462,2013,1,SUN,TB,NYJ,MetLife,82,50,9,WNW,,FieldTurf,39.5,-3.5,17,18
3463,2013,1,SUN,TEN,PIT,Heinz Field,73,76,9,N,Cloudy,Grass,42,7,16,9
3464,2013,1,SUN,ATL,NO,Mercedes-Benz Superdome,,,,,Dome,UBU Speed Series S5M,54.5,3,17,23
3465,2013,1,SUN,SEA,CAR,Bank of America Stadium,87,48,7,N,Partly Cloudy,Grass,45,-3.5,12,7
3466,2013,1,SUN,MIN,DET,Ford Field,,,,,Dome,FieldTurf,46.5,5,24,34
3467,2013,1,SUN,GB,SF,Candlestick Park,69,67,6,N,Sunny,Grass,48.5,4.5,28,34
3468,2013,1,SUN,ARI,STL,Edward Jones Dome,,,,,Dome,AstroTurf,41.5,4.5,24,27
3469,2013,1,SN,NYG,DAL,AT&T Stadium,,,,,Closed Roof,AstroTurf,48.5,3.5,31,36
3470,2013,1,MN,PHI,WAS,FedEx Field,80,52,9,S,Cloudy,Grass,52,3.5,33,27
3471,2013,1,MN,HOU,SD,Qualcomm Stadium,70,73,10,WNW,Partly Cloudy,Grass,44,-3.5,31,28
3472,2013,2,THU,NYJ,NE,Gillette Stadium,72,89,8,S,Cloudy,FieldTurf,43.5,12,10,13
3473,2013,2,SUN,DAL,KC,Arrowhead Stadium,72,69,6,SW,Sunny,Grass,46.5,1.5,16,17
3474,2013,2,SUN,STL,ATL,Georgia Dome,,,,,Dome,AstroTurf,46.5,6,24,31
3475,2013,2,SUN,SD,PHI,Lincoln Financial Field,71,40,6,SW,Sunny,Grass,55,7,33,30
3476,2013,2,SUN,TEN,HOU,Reliant Stadium,,,,,Closed Roof,Grass,43,9.5,24,30
3477,2013,2,SUN,MIA,IND,Lucas Oil Stadium,72,41,9,SSW,Partly Cloudy,AstroTurf,43.5,2,24,20
3478,2013,2,SUN,CAR,BUF,Ralph Wilson Stadium,65,59,10,WSW,Mostly Cloudy,A Turf Titan,43.5,-3,23,24
3479,2013,2,SUN,CLE,BAL,M&T Bank Stadium,75,37,6,SSW,Partly Cloudy,MomentumTurf,43.5,6.5,6,14
3480,2013,2,SUN,WAS,GB,Lambeau Field,56,100,4,SE,Rain,DD GrassMaster,49.5,7,20,38
3481,2013,2,SUN,MIN,CHI,Soldier Field,60,76,6,ESE,Rain,Grass,42,5.5,30,31
3482,2013,2,SUN,NO,TB,Raymond James Stadium,93,47,8,E,Cloudy,Grass,47,-3,16,14
3483,2013,2,SUN,DET,ARI,University of Phoenix Stadium,,,,,Closed Roof,Grass,48.5,-1.5,21,25
3484,2013,2,SUN,JAC,OAK,O.Co Coliseum,76,52,10,W,Sunny,Grass,39.5,5.5,9,19
3485,2013,2,SUN,DEN,NYG,MetLife Stadium,70,33,3,SSW,Sunny,UBU Speed Series S5M,54.5,-4,41,23
3486,2013,2,SN,SF,SEA,CenturyLink Field,64,81,6,SSW,Cloudy,FieldTurf,44,3,3,29
3487,2013,2,MN,PIT,CIN,Paul Brown Stadium,62,75,5,ENE,Clear,UBU Speed Series S5M,41,7,10,20
3488,2013,3,THU,KC,PHI,Lincoln Financial Field,73,43,4,SW,Clear,Grass,50.5,3,26,16
3489,2013,3,SUN,TB,NE,Gillette Stadium,65,72,9,WNW,Sunny,FieldTurf,43.5,7,3,23
3490,2013,3,SUN,ARI,NO,Mercedes-Benz Superdome,,,,,Dome,UBU Speed Series S5M,48.5,7,7,31
3491,2013,3,SUN,SD,TEN,LP Field,72,46,7,ENE,Sunny,Grass,43.5,3,17,20
3492,2013,3,SUN,GB,CIN,Paul Brown Stadium,63,52,13,NNE,Partly Cloudy,UBU Speed Series S5M,48.5,-2.5,30,34
3493,2013,3,SUN,HOU,BAL,M&T Bank Stadium,73,44,9,NNW,Sunny,MomentumTurf,44.5,-2.5,9,30
3494,2013,3,SUN,CLE,MIN,Mall of America Field at HHH Metrodome,67,,,,Dome,UBU Speed Series S5M,40.5,6.5,31,27
3495,2013,3,SUN,NYG,CAR,Bank of America Stadiium,75,52,15,N,Sunny,Grass,45.5,1,0,38
3496,2013,3,SUN,STL,DAL,AT&T Stadium,,,,,Closed Roof,AstroTurf,47,4,7,31
3497,2013,3,SUN,DET,WAS,FedEx Field,72,51,8,NNW,Sunny,Grass,48.5,1.5,27,20
3498,2013,3,SUN,ATL,MIA,Sun Life Stadium,89,58,8,S,Cloudy,Grass,44.5,3,23,27
3499,2013,3,SUN,JAC,SEA,CenturyLink Field,,,,,Rain,FieldTurf,40.5,19,17,45
3500,2013,3,SUN,IND,SF,Candlestick Park,66,63,5,NE,Sunny,Grass,46,10,27,7
3501,2013,3,SUN,BUF,NYJ,MetLife Stadium,67,46,24,NW,,FieldTurf,38.5,2.5,20,27
3502,2013,3,SN,CHI,PIT,Heinz Field,56,72,5,NNW,Cloudy,Grass,40.5,-2.5,40,23
3503,2013,3,MN,OAK,DEN,Sports Authority Field at Mile High,64,28,16,NW,Clear,Grass,49,14.5,21,37
3504,2013,4,THU,SF,STL,Edward Jones Dome,,,,,Dome,AstroTurf,42,-3,35,11
3505,2013,4,SUN,CHI,DET,Ford Field,,,,,Dome,FieldTurf,47.5,3,32,40
3506,2013,4,SUN,IND,JAC,EverBank Field,,,,,Chance Rain,Grass,42.5,-8,37,3
3507,2013,4,SUN,SEA,HOU,Reliant Stadium,,,,,Closed Roof,Grass,41.5,-1,23,20
3508,2013,4,SUN,CIN,CLE,FirstEnergy Stadium,68,67,9,S,Cloudy,Grass,42.5,-3.5,6,17
3509,2013,4,SUN,BAL,BUF,Ralph Wilson Stadium,67,57,15,SSW,Mostly Sunny,A Turf Titan,44,-3,20,23
3510,2013,4,SUN,PIT,MIN,Wembley Stadium,54,86,11,E,Partly Cloudy,Grass,41.5,-3,27,34
3511,2013,4,SUN,ARI,TB,Raymond James Stadium,84,55,5,N,Sunny,Grass,40.5,2.5,13,10
3512,2013,4,SUN,NYG,KC,Arrowhead Stadium,66,65,,CALM,Sunny,Grass,44,4,7,31
3513,2013,4,SUN,NYJ,TEN,LP Field,74,51,4,SW,Cloudy,Grass,40.5,3.5,13,38
3514,2013,4,SUN,DAL,SD,Qualcomm Stadium,80,27,7,WNW,Sunny,Grass,46.5,-2,21,30
3515,2013,4,SUN,WAS,OAK,O.co Coliseum,77,52,13,W,Sunny,Grass,44,-3,24,14
3516,2013,4,SUN,PHI,DEN,Sports Authority Field at Mile High,76,16,8,NE,Partly Cloudy,Grass,58,11,20,52
3517,2013,4,SN,NE,ATL,Georgia Dome,,,,,Dome,AstroTurf,49.5,2,30,23
3518,2013,4,MN,MIA,NO,Mercedes-Benz Superdome,,,,,Dome,UBU Speed Series S5M,48,6.5,17,38
3519,2013,5,THU,BUF,CLE,FirstEnergy Stadium,75,73,6,SSW,Cloudy,Grass,40.5,3.5,24,37
3520,2013,5,SUN,NE,CIN,Paul Brown Stadium,68,93,7,SSE,Cloudy,UBU Speed Series S5M,45.5,0,6,13
3521,2013,5,SUN,BAL,MIA,SunLife Stadium,87,56,5,SE,Sunny,Grass,43.5,3,26,23
3522,2013,5,SUN,SEA,IND,Lucas Oil Stadium,,,,,Closed Roof,AstroTurf,44,-3,28,34
3523,2013,5,SUN,KC,TEN,LP Field,74,83,10,WSW,Cloudy,Grass,38.5,-2.5,26,17
3524,2013,5,SUN,JAC,STL,Edward Jones Dome,,,,,Dome,AstroTurf,41,11.5,20,34
3525,2013,5,SUN,NO,CHI,Soldier Field,60,49,10,WSW,Sunny,Grass,48.5,0,26,18
3526,2013,5,SUN,DET,GB,Lambeau Field,59,59,10,W,Sunny,DD GrassMaster,53.5,7,9,22
3527,2013,5,SUN,PHI,NYG,MetLife Stadium,66,100,6,ESE,Mostly Cloudy,UBU Speed Series S5M,53,1,36,21
3528,2013,5,SUN,CAR,ARI,University of Phoenix Stadium,,,,,Closed Roof,Grass,42,-1.5,6,22
3529,2013,5,SUN,DEN,DAL,AT&T Stadium,,,,,Closed Roof,AstroTurf,56,-7.5,51,48
3530,2013,5,SN,HOU,SF,Candlestick Park,76,40,9,N,Sunny,Grass,41.5,6,3,34
3531,2013,5,SN,SD,OAK,O.Co Coliseum,70,,2,WNW,Partly Cloudy,Grass,45,-4.5,17,27
3532,2013,5,MN,NYJ,ATL,Georgia Dome,,,,,Dome,AstroTurf,43.5,9.5,30,28
3533,2013,6,THU,NYG,CHI,Soldier Field,,,,,Clear,Grass,47,7.5,21,27
3534,2013,6,SUN,CAR,MIN,Mall of America Field at HHH Metrodome,64,,,,Dome,UBU Speed Series S5M,44,2.5,35,10
3535,2013,6,SUN,PHI,TB,Raymond James Stadium,82,42,3,,Cloudy,Grass,45.5,-2.5,31,20
3536,2013,6,SUN,PIT,NYJ,MetLife,62,68,15,NE,Cloudy,FieldTurf,41,1,19,6
3537,2013,6,SUN,OAK,KC,Arrowhead Stadium,63,41,7,ENE,Sunny,Grass,41,8,7,24
3538,2013,6,SUN,STL,HOU,Reliant Stadium,,,,,Closed Roof,Grass,42,7.5,38,13
3539,2013,6,SUN,DET,CLE,FirstEnergy Stadium,66,78,8,W,Cloudy,Grass,44,-2.5,31,17
3540,2013,6,SUN,GB,BAL,M&T Bank Stadium,61,83,10,NE,Cloudy,MomentumTurf,48.5,-3,19,17
3541,2013,6,SUN,CIN,BUF,Ralph Wilson Stadium,65,70,11,S,Mostly Cloudy,A Turf Titan,41.5,-6.5,27,24
3542,2013,6,SUN,JAC,DEN,Sports Authority Field at Mile High,59,53,7,S,Partly Cloudy,Grass,53,26.5,19,35
3543,2013,6,SUN,TEN,SEA,CenturyLink Field,51,80,4,N,Sunny,FieldTurf,40.5,13.5,13,20
3544,2013,6,SUN,NO,NE,Gillette Stadium,59,57,7,ENE,Partly Cloudy,FieldTurf,50.5,2.5,27,30
3545,2013,6,SUN,ARI,SF,Candlestick Park,65,55,5,NW,Sunny,Grass,41,10.5,20,32
3546,2013,6,SN,WAS,DAL,AT&T Stadium,,,,,Closed Roof,AstroTurf,52,5,16,31
3547,2013,6,MN,IND,SD,Qualcomm Stadium,69,69,13,W,Sunny,Grass,50,-1.5,9,19
3548,2013,7,THU,SEA,ARI,University of Phoenix Stadium,82,13,7,S,Clear,Grass,40.5,-6,34,22
3549,2013,7,SUN,TB,ATL,Georgia Dome,,,,,Dome,AstroTurf,43,7,23,31
3550,2013,7,SUN,NE,NYJ,MetLife,63,36,11,WNW,Sunny,FieldTurf,43.5,-3.5,27,30
3551,2013,7,SUN,SD,JAC,EverBank Field,73,,12,NE,Clear,Grass,45.5,-7.5,24,6
3552,2013,7,SUN,HOU,KC,Arrowhead Stadium,70,36,15,SW,Sunny,Grass,39.5,6.5,16,17
3553,2013,7,SUN,BUF,MIA,Sun Life Stadium,87,57,5,W,Partly Cloudy,Grass,42.5,7,23,21
3554,2013,7,SUN,CIN,DET,Ford Field,,,,,Dome,FieldTurf,47,2.5,27,24
3555,2013,7,SUN,DAL,PHI,Lincoln Financial Field,60,39,13,WNW,Sunny,Grass,54.5,2.5,17,3
3556,2013,7,SUN,STL,CAR,Bank Of America Stadium,68,42,4,ENE,Sunny,Grass,42,6,15,30
3557,2013,7,SUN,CHI,WAS,FedEx Field,61,39,13,NNW,Sunny,Grass,49.5,-1,41,45
3558,2013,7,SUN,SF,TEN,LP Field,68,32,3,N,Sunny,Grass,40,-4,31,17
3559,2013,7,SUN,BAL,PIT,Heinz Field,57,49,14,SW,Partly Cloudy,Grass,41,1,16,19
3560,2013,7,SUN,CLE,GB,Lambeau Field,46,65,8,S,Rain,DD GrassMaster,45.5,10,13,31
3561,2013,7,SN,DEN,IND,Lucas Oil Stadium,57,51,11,SSW,Clear,AstroTurf,56.5,-6.5,33,39
3562,2013,7,MN,MIN,NYG,MetLife Stadium,57,63,4,S,Partly Cloudy,UBU Speed Series S5M,46.5,3.5,7,23
3563,2013,8,THU,CAR,TB,Raymond James Stadium,70,53,5,NE,Cloudy,Grass,40.5,-6,31,13
3564,2013,8,SUN,DAL,DET,Ford Field,,,,,Dome,FieldTurf,51,3,30,31
3565,2013,8,SUN,NYG,PHI,Lincoln Financial Field,56,40,13,W,Sunny,Grass,51,5,15,7
3566,2013,8,SUN,CLE,KC,Arrowhead Stadium,52,46,4,SW,Sunny,Grass,39.5,7.5,17,23
3567,2013,8,SUN,BUF,NO,Mercedes-Benz Superdome,69,,,,Dome,UBU Speed Series S5M,48,11,17,35
3568,2013,8,SUN,SF,JAC,Wembley Stadium,60,63,13,WSW,Rain,Grass,40.5,-14.5,42,10
3569,2013,8,SUN,MIA,NE,Gillette Stadium,53,45,13,W,Partly Cloudy,FieldTurf,45.5,6.5,17,27
3570,2013,8,SUN,PIT,OAK,O.co Coliseum,56,81,17,SW,Cloudy,Grass,40.5,-2,18,21
3571,2013,8,SUN,NYJ,CIN,Paul Brown Stadium,57,45,3,SE,Sunny,UBU Speed Series S5M,41.5,6.5,9,49
3572,2013,8,SUN,WAS,DEN,Sports Authority Field at Mile High,69,14,8,W,Mostly Sunny,Grass,58.5,11.5,21,45
3573,2013,8,SUN,ATL,ARI,University of Phoenix Stadium,,,,,Closed Roof,Grass,46.5,2.5,13,27
3574,2013,8,SN,GB,MIN,Mall of America Field at HHH Metrodome,65,,,,Dome,UBU Speed Series S5M,47,-9,44,31
3575,2013,8,MN,SEA,STL,Edward Jones Dome,,,,,Dome,AstroTurf,42.5,-11,14,9
3576,2013,9,THU,CIN,MIA,Sun Life Stadium,79,76,8,E,Partly Cloudy,Grass,43,-3,20,22
3577,2013,9,SUN,KC,BUF,Ralph Wilson Stadium,36,58,7,NW,Cloudy,A Turf Titan,40,-3.5,23,13
3578,2013,9,SUN,ATL,CAR,Bank of America Stadium,62,41,12,NNE,Sunny,Grass,45,7.5,10,34
3579,2013,9,SUN,SD,WAS,FedEx Field,57,41,20,N,Sunny,Grass,51,-0.5,24,30
3580,2013,9,SUN,NO,NYJ,MetLife Stadium,48,53,14,NNW,Clear,FieldTurf,45.5,-6,20,26
3581,2013,9,SUN,TEN,STL,Edward Jones Dome,,,,,Dome,AstroTurf,39.5,-3,28,21
3582,2013,9,SUN,MIN,DAL,AT&T Stadium,,,,,Closed Roof,AstroTurf,47.5,9.5,23,27
3583,2013,9,SUN,TB,SEA,CenturyLink Field,48,68,4,SSE,Sunny,FieldTurf,40.5,15.5,24,27
3584,2013,9,SUN,PHI,OAK,O.co Coliseum,62,30,6,W,Hazy,Grass,45,2.5,49,20
3585,2013,9,SUN,PIT,NE,Gillette Stadium,44,44,6,N,Partly Cloudy,FieldTurf,43.5,6.5,31,55
3586,2013,9,SUN,BAL,CLE,FirstEnergy Stadium,46,54,9,NNE,Sunny,Grass,41.5,-1.5,18,24
3587,2013,9,SN,IND,HOU,Reliant Stadium,,,,,Closed Roof,Grass,44,-1.5,27,24
3588,2013,9,MN,CHI,GB,Lambeau Field,49,77,14,S,Cloudy,DD GrassMaster,50,10.5,27,20
3589,2013,10,THU,WAS,MIN,Mall of America Field at HHH Metrodome,,,,,Dome,UBU Speed Series S5M,49.5,-2.5,27,34
3590,2013,10,SUN,PHI,GB,Lambeau Field,45,48,12,W,Mostly Sunny,DD GrassMaster,47,1,27,13
3591,2013,10,SUN,DET,CHI,Soldier Field,47,51,6,W,Mostly Sunny,Grass,52.5,1,21,19
3592,2013,10,SUN,STL,IND,Lucas Oil Stadium,,,,,Closed Roof,AstroTurf,44,9.5,38,8
3593,2013,10,SUN,CIN,BAL,M&T Bank Stadium,60,36,17,W,Sunny,MomentumTurf,44,-1.5,17,20
3594,2013,10,SUN,BUF,PIT,Heinz Field,46,56,21,W,Mostly Cloudy,Grass,43.5,3,10,23
3595,2013,10,SUN,JAC,TEN,LP Field,62,40,6,NE,Sunny,Grass,41.5,13,29,27
3596,2013,10,SUN,OAK,NYG,MetLife Stadium,49,71,14,NNW,Cloudy,UBU Speed Series S5M,43.5,7,20,24
3597,2013,10,SUN,SEA,ATL,Georgia Dome,,,,,Dome,AstroTurf,45,-5,33,10
3598,2013,10,SUN,CAR,SF,Candlestick Park,62,65,6,E,Sunny,Grass,43,6,10,9
3599,2013,10,SUN,HOU,ARI,University of Phoenix ,,,,,Closed Roof,Grass,41.5,3,24,27
3600,2013,10,SUN,DEN,SD,Qualcomm Stadium,78,14,6,SSW,Sunny,Grass,58,-7,28,20
3601,2013,10,SN,DAL,NO,Mercedes-Benz Superdome,,,,,Dome,UBU Speed Series S5M,54,7,17,49
3602,2013,10,MN,MIA,TB,Raymond James Stadium,73,74,5,N,Sunny,Grass,41,-2.5,19,22
3603,2013,11,THU,IND,TEN,LP Field,44,36,3,SSW,Clear,Grass,42,-3,30,27
3604,2013,11,SUN,OAK,HOU,Reliant Stadium,,,,,Closed Roof,Grass,41,9,28,23
3605,2013,11,SUN,NYJ,BUF,Ralph Wilson Stadium,62,71,14,S,Cloudy,A Turf Titan,40.5,-1,14,37
3606,2013,11,SUN,CLE,CIN,Paul Brown Stadium,62,92,7,S,Cloudy,UBU Speed Series S5M,42,5.5,20,41
3607,2013,11,SUN,BAL,CHI,Soldier Field,68,82,17,S,Rain,Grass,44,3,20,23
3608,2013,11,SUN,SD,MIA,Sun Life Stadium,81,67,12,ESE,Cloudy,Grass,45.5,-1,16,20
3609,2013,11,SUN,ARI,JAC,Everbank Field,76,,8,E,Chance Rain,Grass,41,-9,27,14
3610,2013,11,SUN,ATL,TB,Raymond James Stadium,79,74,6,N,Cloudy,Grass,43.5,0,28,41
3611,2013,11,SUN,DET,PIT,Heinz Field,60,87,12,S,Thunderstorms,Grass,46.5,-2.5,27,37
3612,2013,11,SUN,WAS,PHI,Lincoln Financial Field,64,71,7,SSW,Partly Sunny,Grass,52.5,4.5,16,24
3613,2013,11,SUN,MIN,SEA,CenturyLink Field,50,81,14,S,Sunny,FieldTurf,45,12,20,41
3614,2013,11,SUN,SF,NO,Mercedes-Benz Superdome,79,,,,Dome,UBU Speed Series S5M,48,3,20,23
3615,2013,11,SUN,GB,NYG,MetLife Stadium,59,100,2,SE,Mostly Cloudy,UBU Speed Series S5M,42,4.5,13,27
3616,2013,11,SN,KC,DEN,Sports Authority Field at Mile High,43,34,6,E,Clear,Grass,49,8.5,17,27
3617,2013,11,MN,NE,CAR,Bank of America Stadium,59,35,8,NNW,Cloudy,Grass,46,2.5,20,24
3618,2013,12,THU,NO,ATL,Georgia Dome,,,,,Dome,AstroTurf,53,-9.5,17,13
3619,2013,12,SUN,CAR,MIA,Sun Life Stadium,82,55,13,NNE,Cloudy,Grass,41,-4.5,20,16
3620,2013,12,SUN,SD,KC,Arrowhead Stadium,24,50,3,S,Mostly Sunny,Grass,41.5,4.5,41,38
3621,2013,12,SUN,PIT,CLE,FirstEnergy Stadium,20,84,31,W,Snow,Grass,40,1,27,11
3622,2013,12,SUN,JAC,HOU,Reliant Stadium,,,,,Closed Roof,Grass,43.5,10,13,6
3623,2013,12,SUN,NYJ,BAL,M&T Bank Stadium,33,23,26,NW,Partly Cloudy,MomentumTurf,39,4,3,19
3624,2013,12,SUN,MIN,GB,Lambeau Field,19,52,10,SW,Mostly Cloudy,DD GrassMaster,43.5,4.5,26,26
3625,2013,12,SUN,TB,DET,Ford Field,,,,,Dome,FieldTurf,49,9,24,21
3626,2013,12,SUN,CHI,STL,Edward Jones Dome,,,,,Dome,AstroTurf,45.5,1,21,42
3627,2013,12,SUN,IND,ARI,University of Phoenix Stadium,,,,,Closed Roof,Grass,45,2.5,11,40
3628,2013,12,SUN,TEN,OAK,O.Co Coliseum ,58,56,5,W,Sunny,Grass,41.5,1,23,19
3629,2013,12,SUN,DAL,NYG,MetLife Stadium,25,40,6,W,Clear,UBU Speed Series S5M,45.5,2.5,24,21
3630,2013,12,SN,DEN,NE,Gillette Stadium,22,29,22,WNW,Clear,FieldTurf,54,-2.5,31,34
3631,2013,12,MN,SF,WAS,FedEx Field,35,37,12,SSW,Sunny,Grass,47,-5,27,6
3632,2013,13,THU,GB,DET,Ford Field,,,,,Dome,FieldTurf,49,6.5,10,40
3633,2013,13,THU,OAK,DAL,AT&T Stadium,,,,,Closed Roof,AstroTurf,47.5,7.5,24,31
3634,2013,13,THU,PIT,BAL,M&T Bank Stadium,37,39,2,WSW,Clear,MomentumTurf,41,2.5,20,22
3635,2013,13,SUN,DEN,KC,Arrowhead Stadium,55,47,4,NW,Sunny,Grass,48.5,-5.5,35,28
3636,2013,13,SUN,JAC,CLE,FirstEnergy Stadium,40,61,7,SW,Cloudy,Grass,40,7,32,28
3637,2013,13,SUN,TEN,IND,Lucas Oil Stadium,,,,,Closed Roof,AstroTurf,45,3.5,14,22
3638,2013,13,SUN,ARI,PHI,Lincoln Financial Field,46,53,4,SSW,Sunny,Grass,48.5,3,21,24
3639,2013,13,SUN,MIA,NYJ,MetLife Stadium,48,59,4,S,Partly Cloudy,FieldTurf,40,2,23,3
3640,2013,13,SUN,CHI,MIN,Mall of America Field at HHH Metrodome,66,,,,Dome,UBU Speed Series S5M,50,1,20,23
3641,2013,13,SUN,TB,CAR,Bank of America Stadium,56,55,2,SW,Partly Cloudy,Grass,41.5,8.5,6,27
3642,2013,13,SUN,STL,SF,Candlestick Park,59,72,6,N,Sunny,Grass,42,8,13,23
3643,2013,13,SUN,ATL,BUF,Rogers Centre,,,,,Closed Roof,AstroTurf,46.5,3,34,31
3644,2013,13,SUN,CIN,SD,Qualcomm Stadium,77,26,5,WNW,Sunny,Grass,48.5,1,17,10
3645,2013,13,SUN,NE,HOU,Reliant Stadium,,,,,Closed Roof,Grass,47,-7.5,34,31
3646,2013,13,SN,NYG,WAS,FedEx Field,43,72,0,CALM,Cloudy,Grass,45.5,-1,24,17
3647,2013,13,MN,NO,SEA,CenturyLink Field,41,62,6,S,Cloudy,FieldTurf,47,5.5,7,34
3648,2013,14,THU,HOU,JAC,EverBank Field,72,73,7,S,Clear,Grass,43.5,-3,20,27
3649,2013,14,SUN,CLE,NE,Gillette Stadium,30,46,5,NNW,Cloudy,FieldTurf,46,11,26,27
3650,2013,14,SUN,IND,CIN,Paul Brown Stadium,25,85,7,ENE,Snow,UBU Speed Series S5M,43,6.5,28,42
3651,2013,14,SUN,BUF,TB,Raymond James Stadium,82,62,13,SE,Cloudy,Grass,42,2.5,6,27
3652,2013,14,SUN,ATL,GB,Lambeau Field,9,80,6,NE,Cloudy,DD GrassMaster,44.5,3.5,21,22
3653,2013,14,SUN,MIN,BAL,M&T Bank Stadium,33,67,7,NE,Light Snow,MomentumTurf,42,7,26,29
3654,2013,14,SUN,MIA,PIT,Heinz Field,25,73,9,E,Light Snow,Grass,40.5,3,34,28
3655,2013,14,SUN,OAK,NYJ,MetLife,33,51,6,NNE,Cloudy,FieldTurf,40,3,27,37
3656,2013,14,SUN,KC,WAS,FedEx Field,30,79,10,NNE,Snow,Grass,44.5,-3,45,10
3657,2013,14,SUN,DET,PHI,Lincoln Financial Field,27,56,6,NE,Snow,Grass,53.5,2.5,20,34
3658,2013,14,SUN,TEN,DEN,Sports Authority Field at Mile High,18,63,5,NE,Mostly Sunny,Grass,48.5,12,28,51
3659,2013,14,SUN,STL,ARI,University of Phoenix Stadium,,,,,Closed Roof,Grass,41.5,6,10,30
3660,2013,14,SUN,NYG,SD,Qualcomm Stadium,53,53,8,SW,Sunny,Grass,47,3.5,14,37
3661,2013,14,SUN,SEA,SF,Candlestick Park,43,49,5,E,Sunny,Grass,41,2.5,17,19
3662,2013,14,SN,CAR,NO,Mercedes-Benz Superdome,,,,,Dome,UBU Speed Series S5M,46,3,13,31
3663,2013,14,MN,DAL,CHI,Soldier Field,8,63,14,W,Partly Cloudy,Grass,48,0,28,45
3664,2013,15,THU,SD,DEN,Sports Authority Field at Mile High,37,50,2,E,Clear,Grass,56,10,27,20
3665,2013,15,SUN,CHI,CLE,FirstEnergy Stadium,25,82,12,WSW,Flurries,Grass,44,0,38,31
3666,2013,15,SUN,HOU,IND,Lucas Oil Stadium,,,,,Closed Roof,AstroTurf,45.5,5.5,3,25
3667,2013,15,SUN,BUF,JAC,EverBank Field,60,,20,,Chance Rain,Grass,43,-2,27,20
3668,2013,15,SUN,WAS,ATL,Geogia Dome,,,,,Dome,FieldTurf,49.5,7,26,27
3669,2013,15,SUN,NE,MIA,SunLife Stadium,84,70,14,SW,Partly Cloudy,Grass,45.5,-1,20,24
3670,2013,15,SUN,SF,TB,Raymond James Stadium,70,64,7,N,Cloudy,Grass,41,-5,33,14
3671,2013,15,SUN,SEA,NYG,MetLife Stadium,36,88,7,WNW,Partly Sunny,UBU Speed Series S5M,41.5,-7,23,0
3672,2013,15,SUN,NO,STL,Edward Jones Dome,,,,,Dome,AstroTurf,47,-6.5,16,27
3673,2013,15,SUN,PHI,MIN,Mall of America Field at HHH Metrodome,66,,,,Dome,UBU Speed Series S5M,51,-5.5,30,48
3674,2013,15,SUN,ARI,TEN,LP Field,37,64,4,NNE,Cloudy,Grass,41.5,-2.5,37,34
3675,2013,15,SUN,NYJ,CAR,Bank of America Stadium,54,47,11,WNW,Sunny,Grass,40.5,10.5,20,30
3676,2013,15,SUN,KC,OAK,O.Co Oakland Coliseum,64,39,6,NW,Sunny,Grass,41.5,-4.5,56,31
3677,2013,15,SUN,GB,DAL,AT&T Stadium,,,,,Closed Roof,AstroTurf,48,7,37,36
3678,2013,15,SN,CIN,PIT,Heinz Field,26,66,20,W,Cloudy,Grass,41.5,-2,20,30
3679,2013,15,MN,BAL,DET,Ford Field,,,,,Dome,FieldTurf,48,6,18,16
3680,2013,16,SUN,MIN,CIN,Paul Brown Stadium,53,80,11,WSW,Mostly Cloudy,UBU Speed Series S5M,47.5,8,14,42
3681,2013,16,SUN,MIA,BUF,Ralph Wilson Stadium,41,79,8,NW,Cloudy,A Turf Titan,42.5,-2.5,0,19
3682,2013,16,SUN,IND,KC,Arrowhead Stadium,22,84,10,NW,Cloudy,Grass,45,6.5,23,7
3683,2013,16,SUN,CLE,NYJ,MetLife,70,65,12,WSW,Cloudy,FieldTurf,40.5,2,13,24
3684,2013,16,SUN,DEN,HOU,Reliant Stadium,,,,,Closed Roof,Grass,53,-10,37,13
3685,2013,16,SUN,TEN,JAC,EverBank Field,79,,13,SW,Clear,Grass,44,-5,20,16
3686,2013,16,SUN,DAL,WAS,FedEx Field,65,92,5,S,Rain,Grass,53.5,-2.5,24,23
3687,2013,16,SUN,NO,CAR,Bank of America Stadium,72,84,18,S,Rain,Grass,46.5,3,13,17
3688,2013,16,SUN,TB,STL,Edward Jones Dome,,,,,Dome,AstroTurf,43,4,13,23
3689,2013,16,SUN,NYG,DET,Ford Field,,,,,Dome,FieldTurf,49,9,23,20
3690,2013,16,SUN,ARI,SEA,CenturyLink Field,48,94,6,SSE,Cloudy,FieldTurf,43,10.5,17,10
3691,2013,16,SUN,PIT,GB,Lambeau Field,23,78,13,N,Snow,DD GrassMaster,45,2.5,38,31
3692,2013,16,SUN,OAK,SD,Qualcomm Stadium,67,45,7,WNW,Sunny,Grass,50.5,10,13,26
3693,2013,16,SUN,NE,BAL,M&T Bank Stadium,65,75,8,SSW,Cloudy,MomentumTurf,44.5,2,41,7
3694,2013,16,SN,CHI,PHI,Lincoln Financial Field,62,82,11,S,Cloudy,Grass,55.5,3,11,54
3695,2013,16,MN,ATL,SF,Candlestick Park,60,49,0,CALM,Clear,Grass,45,13,24,34
3696,2013,17,SUN,CAR,ATL,Georgia Dome,,,,,Dome,AstroTurf,45.5,-6,21,20
3697,2013,17,SUN,NYJ,MIA,Sun Life Stadium,79,84,12,SSE,Cloudy,Grass,41.5,5.5,20,7
3698,2013,17,SUN,BAL,CIN,Paul Brown Stadium,43,93,3,S,Cloudy,UBU Speed Series S5M,44,6.5,17,34
3699,2013,17,SUN,CLE,PIT,Heinz Field,40,93,5,NW,Light Rain,Grass,44,7,7,20
3700,2013,17,SUN,JAC,IND,Lucas Oil Stadium,,,,,Closed Roof,AstroTurf,45.5,10.5,10,30
3701,2013,17,SUN,HOU,TEN,LP Field,53,61,4,W,Sunny,Grass,43.5,7,10,16
3702,2013,17,SUN,DET,MIN,Mall of America Field at HHH Metrodome,,,,,Dome,UBU Speed Series S5M,51.5,3,13,14
3703,2013,17,SUN,WAS,NYG,MetLife Stadium,40,100,2,E,Rain,UBU Speed Series S5M,46,3.5,6,20
3704,2013,17,SUN,GB,CHI,Soldier Field,26,88,16,NW,Snow,Grass,53,-3,33,28
3705,2013,17,SUN,BUF,NE,Gillette Stadium,,,,,Rain,FieldTurf,47,8,20,34
3706,2013,17,SUN,TB,NO,Mercedes-Benz Superdome,56,,,,Dome,UBU Speed Series S5M,47.5,12,17,42
3707,2013,17,SUN,STL,SEA,CenturyLink Field,40,93,5,SSE,Cloudy,FieldTurf,43,11.5,9,27
3708,2013,17,SUN,DEN,OAK,O.co Coliseum Oakland,70,16,8,NE,Sunny,Grass,53.5,-10.5,34,14
3709,2013,17,SUN,KC,SD,Qualcomm Stadium,73,14,1,N,Sunny,Grass,44.5,10,24,27
3710,2013,17,SUN,SF,ARI,University of Phoenix Stadium,,,,,,Grass,42,-1,23,20
3711,2013,17,SN,PHI,DAL,AT&T Stadium,,,,,Closed Roof,AstroTurf,52.5,-6.5,24,22
3712,2013,18,SAT,KC,IND,Lucas Oil Stadium,,,,,Closed Roof,AstroTurf,46,1,44,45
3713,2013,18,SAT,NO,PHI,Lincoln Financial Field,25,55,5,SSW,Clear,Grass,53.5,2.5,26,24
3714,2013,18,SUN,SD,CIN,Paul Brown Stadium,42,84,5,S,Cloudy,UBU Speed Series S5M,46,7,27,10
3715,2013,18,SUN,SF,GB,Lambeau Field,5,60,10,NW,Mostly Cloudy,DD GrassMaster,46.5,-2.5,23,20
3716,2013,19,SAT,NO,SEA,CenturyLink Field,48,75,20,S,Rain,FieldTurf,45,8,15,23
3717,2013,19,SAT,IND,NE,Gillette Stadium,57,100,24,S,Rain,FieldTurf,50.5,7,22,43
3718,2013,19,SUN,SF,CAR,Bank of America Stadium,54,42,8,W,Sunny,Grass,41,0,23,10
3719,2013,19,SUN,SD,DEN,Sports Authority Field at Mile High,41,20,17,NW,Partly Cloudy,Grass,54.5,9.5,17,24
3720,2013,20,SUN,NE,DEN,Sports Authority Field at Mile High,63,10,9,W,Sunny,Grass,56,5.5,16,26
3721,2013,20,SUN,SF,SEA,CenturyLink Field,43,88,1,NE,Cloudy,FieldTurf,38.5,3.5,17,23
3722,2013,21,SB,SEA,DEN,MetLife Stadium,49,63,4,WNW,Partly Cloudy,UBU Speed Series S5M,48.5,2,43,8
3723,2014,1,THU,GB,SEA,CenturyLink Field,71,52,11,NW,Sunny,FieldTurf,47,6,16,36
3724,2014,1,SUN,NO,ATL,Georgia Dome,,,,,Dome,AstroTurf,51.5,-3,34,37
3725,2014,1,SUN,BUF,CHI,Soldier Field,74,45,3,NE,Sunny,Grass,47,7,23,20
3726,2014,1,SUN,TEN,KC,Arrowhead Stadium,69,57,7,E,Sunny,Grass,43.5,3.5,26,10
3727,2014,1,SUN,MIN,STL,Edward Jones Dome,,,,,Dome,AstroTurf,43.5,3.5,34,6
3728,2014,1,SUN,NE,MIA,Sun Life Stadium,89,61,15,SE,Partly Cloudy,Grass,47,-5,20,33
3729,2014,1,SUN,OAK,NYJ,MetLife Stadium,76,47,12,NNE,,FieldTurf,40,5.5,14,19
3730,2014,1,SUN,JAC,PHI,Lincoln Financial Field,75,51,9,N,Sunny,Grass,52.5,10.5,17,34
3731,2014,1,SUN,CLE,PIT,Heinz Field,71,55,6,NE,Partly Cloudy,Grass,41.5,6.5,27,30
3732,2014,1,SUN,CIN,BAL,M&T Bank Stadium,74,45,8,N,Partly Cloudy,MomentumTurf,43,1.5,23,16
3733,2014,1,SUN,WAS,HOU,NRG Stadium,,,,,Closed Roof,Grass,45,3,6,17
3734,2014,1,SUN,SF,DAL,AT&T Stadium,,,,,Closed Roof,AstroTurf,51.5,-4.5,28,17
3735,2014,1,SUN,CAR,TB,Raymond James Stadium,88,29,6,SW,Cloudy,Grass,39.5,2,20,14
3736,2014,1,SN,IND,DEN,Sports Authority Field at Mile High,75,41,6,NW,Mostly Cloudy,Grass,55,7.5,24,31
3737,2014,1,MN,NYG,DET,Ford Field,,,,,Dome,FieldTurf,47,5.5,14,35
3738,2014,1,MN,SD,ARI,University of Phoenix Stadium,,,,,Closed Roof,Grass,45,3,17,18
3739,2014,2,THU,PIT,BAL,M&T Bank Stadium,82,40,6,WNW,Partly Cloudy,MomentumTurf,44.5,2.5,6,26
3740,2014,2,SUN,MIA,BUF,Ralph Wilson Stadium,58,56,4,SE,Mostly Cloudy,A Turf Titan,42.5,1,10,29
3741,2014,2,SUN,ATL,CIN,Paul Brown Stadium,66,48,4,E,Sunny,UBU Speed Series S5M,49,5.5,10,24
3742,2014,2,SUN,NO,CLE,FirstEnergy Stadium,61,62,6,SE,Partly Cloudy,Grass,48,-6.5,24,26
3743,2014,2,SUN,DAL,TEN,LP Field,75,45,2,NW,Sunny,Grass,49,3.5,26,10
3744,2014,2,SUN,NE,MIN,TCF Bank Stadium,58,,5,SE,Partly Cloudy,FieldTurf,49,-3,30,7
3745,2014,2,SUN,ARI,NYG,MetLife Stadium,66,48,1,N,Sunny,UBU Speed Series S5M,42.5,-2,25,14
3746,2014,2,SUN,JAC,WAS,FedEx Field,65,50,6,N,Sunny,Grass,43,6,10,41
3747,2014,2,SUN,DET,CAR,Bank of America Stadium,70,63,9,NE,Cloudy,Grass,43.5,2.5,7,24
3748,2014,2,SUN,SEA,SD,Qualcomm Stadium,94,33,8,W,Sunny,Grass,44.5,-6,21,30
3749,2014,2,SUN,STL,TB,Raymond James Stadium,88,47,8,S,Cloudy,Grass,37,6,19,17
3750,2014,2,SUN,KC,DEN,Sports Authority Field at Mile High,85,16,7,SE,Partly Cloudy,Grass,50.5,11.5,17,24
3751,2014,2,SUN,NYJ,GB,Lambeau Field,63,52,15,S,Sunny,DD GrassMaster,46,7.5,24,31
3752,2014,2,SUN,HOU,OAK,O.co Coliseum,67,69,16,WNW,Sunny,Grass,39.5,-3,30,14
3753,2014,2,SN,CHI,SF,Levi's Stadium,78,48,10,W,Sunny,Grass,48,7,28,20
3754,2014,2,MN,PHI,IND,Lucas Oil Stadium,,,,,Closed Roof,AstroTurf,54,3,30,27
3755,2014,3,THU,TB,ATL,Georgia Dome,,,,,Dome,FieldTurf,47,6.5,14,56
3756,2014,3,SUN,SD,BUF,Ralph Wilson Stadium,72,73,24,WSW,Partly Cloudy,A Turf Titan,45.5,2.5,22,10
3757,2014,3,SUN,TEN,CIN,Paul Brown Stadium,74,66,20,NW,Mostly Cloudy,UBU Speed Series S5M,42.5,7,7,33
3758,2014,3,SUN,BAL,CLE,FirstEnergy Stadium,71,70,23,W,Partly Sunny,Grass,41,-1.5,23,21
3759,2014,3,SUN,GB,DET,Ford Field,,,,,Dome,FieldTurf,52,2.5,7,19
3760,2014,3,SUN,DAL,STL,Edward Jones Dome,,,,,Dome,AstroTurf,44,-1,34,31
3761,2014,3,SUN,OAK,NE,Gillette Stadium,78,67,11,SSE,Cloudy,FieldTurf,47,14,9,16
3762,2014,3,SUN,MIN,NO,Mercedes-Benz Superdome,,,,,Dome,UBU Speed Series S5M,49,10,9,20
3763,2014,3,SUN,HOU,NYG,MetLife Stadium,70,94,4,NNW,Cloudy,UBU Speed Series S5M,41.5,-2,17,30
3764,2014,3,SUN,WAS,PHI,Lincoln Financial Field,79,62,4,N,Mostly Cloudy,Grass,50,6.5,34,37
3765,2014,3,SUN,IND,JAC,EverBank Field,,,,,Clear,Grass,45,-7,44,17
3766,2014,3,SUN,SF,ARI,University of Phoenix Stadium,,,,,Closed Roof,Grass,42,-3,14,23
3767,2014,3,SUN,KC,MIA,Sun Life Stadium,88,56,4,ESE,Cloudy,Grass,42.5,3.5,34,15
3768,2014,3,SUN,DEN,SEA,CenturyLink Field,70,67,7,SSE,Sunny,FieldTurf,48.5,5,20,26
3769,2014,3,SN,PIT,CAR,Bank of America Stadium,79,52,7,WSW,Clear,Grass,42,3,37,19
3770,2014,3,MN,CHI,NYJ,MetLife Stadium,60,47,10,NW,Clear,FieldTurf,45.5,3,27,19
3771,2014,4,THU,NYG,WAS,FedEx Field,64,88,4,N,Cloudy,Grass,46,3.5,45,14
3772,2014,4,SUN,GB,CHI,Soldier Field,70,67,3,NE,Partly Cloudy,Grass,50.5,-2,38,17
3773,2014,4,SUN,TEN,IND,Lucas Oil Stadium,78,42,4,NE,Partly Sunny,AstroTurf,45.5,7.5,17,41
3774,2014,4,SUN,MIA,OAK,Wembley Stadium,74,56,6,SSE,Cloudy,Grass,40.5,-3.5,38,14
3775,2014,4,SUN,DET,NYJ,MetLife,80,46,,,Partly Cloudy,FieldTurf,44.5,-2,24,17
3776,2014,4,SUN,TB,PIT,Heinz Field,74,54,3,SSW,Partly Cloudy,Grass,45,7.5,27,24
3777,2014,4,SUN,CAR,BAL,M&T Bank Stadium,78,0,4,S,Sunny,MomentumTurf,40.5,3.5,10,38
3778,2014,4,SUN,BUF,HOU,NRG Stadium,,,,,Closed Roof,Grass,42.5,3,17,23
3779,2014,4,SUN,JAC,SD,Qualcomm Stadium,73,54,8,SSW,Sunny,Grass,45,13,14,33
3780,2014,4,SUN,ATL,MIN,TCF Bank Stadium,82,,,,Partly Cloudy,FieldTurf,47,-3,28,41
3781,2014,4,SUN,PHI,SF,Levi's Stadium,72,51,4,W,Sunny,Grass,50.5,5,21,26
3782,2014,4,SN,NO,DAL,AT&T Stadium,,,,,Closed Roof,AstroTurf,53.5,-3,17,38
3783,2014,4,MN,NE,KC,Arrowhead Stadium,82,42,3,NE,Clear,Grass,46,-3,14,41
3784,2014,5,THU,MIN,GB,Lambeau Field,62,98,6,E,Rain,DD GrassMaster,47.5,7.5,10,42
3785,2014,5,SUN,HOU,DAL,AT&T Stadium,,,,,Closed Roof,AstroTurf,47,6.5,17,20
3786,2014,5,SUN,BUF,DET,Ford Field,,,,,Dome,FieldTurf,43.5,6.5,17,14
3787,2014,5,SUN,CLE,TEN,LP Field,67,31,13,WSW,Partly Sunny,Grass,44,1.5,29,28
3788,2014,5,SUN,BAL,IND,Lucas Oil Stadium,53,50,14,S,Cloudy,AstroTurf,49,3.5,13,20
3789,2014,5,SUN,TB,NO,Mercedes-Benz Superdome,,,,,Dome,UBU Speed Series S5M,48,10,31,37
3790,2014,5,SUN,ATL,NYG,MetLife Stadium,55,45,9,WNW,Sunny,UBU Speed Series S5M,50,4,20,30
3791,2014,5,SUN,STL,PHI,Lincoln Financial Field,59,37,16,W,Mostly Sunny,Grass,47.5,6.5,28,34
3792,2014,5,SUN,CHI,CAR,Bank of America Stadium,60,36,7,SW,Sunny,Grass,45.5,2.5,24,31
3793,2014,5,SUN,PIT,JAC,Everbank Field,71,30,10,N,Clear,Grass,47.5,-6,17,9
3794,2014,5,SUN,ARI,DEN,Sports Authority Field at Mile High,71,20,10,NW,Sunny,Grass,47.5,7.5,20,41
3795,2014,5,SUN,NYJ,SD,Qualcomm Stadium,91,11,8,SSW,Sunny,Grass,43.5,6.5,0,31
3796,2014,5,SUN,KC,SF,Levi's Stadium,85,28,1,WNW,Sunny,Grass,44,5,17,22
3797,2014,5,SN,CIN,NE,Gillette Stadium,47,71,2,W,Clear,FieldTurf,46,-1,17,43
3798,2014,5,MN,SEA,WAS,FedEx Field,67,47,4,SE,Clear,Grass,45,-7,27,17
3799,2014,6,THU,IND,HOU,NRG Stadium,,,,,Closed Roof,Grass,47,-3,33,28
3800,2014,6,SUN,CHI,ATL,Georgia Dome,,,,,Dome,AstroTurf,54,3,27,13
3801,2014,6,SUN,NE,BUF,Ralph Wilson Stadium,55,45,6,SE,Sunny,A Turf Titan,45,-2.5,37,22
3802,2014,6,SUN,CAR,CIN,Paul Brown Stadium,60,61,5,ENE,Cloudy,UBU Speed Series S5M,43.5,6.5,37,37
3803,2014,6,SUN,PIT,CLE,FirstEnergy Stadium,58,48,13,SE,Sunny,Grass,47,1.5,10,31
3804,2014,6,SUN,JAC,TEN,LP Field,67,87,7,S,Cloudy,Grass,43,4,14,16
3805,2014,6,SUN,GB,MIA,Sun Life Stadium,86,63,13,E,Clear,Grass,49,-3,27,24
3806,2014,6,SUN,DET,MIN,TCF Bank Stadium,53,,,,Sunny,FieldTurf,43.5,2,17,3
3807,2014,6,SUN,DEN,NYJ,MetLife,61,37,5,NE,Clear,FieldTurf,48,-9,31,17
3808,2014,6,SUN,BAL,TB,Raymond James Stadium,84,62,6,NE,Cloudy,Grass,43.5,-3.5,48,17
3809,2014,6,SUN,SD,OAK,O.co Coliseum,77,35,5,NNW,Sunny,Grass,43.5,-7,31,28
3810,2014,6,SUN,WAS,ARI,University of Phoenix Stadium,,,,,Closed Roof,Grass,45,3.5,20,30
3811,2014,6,SUN,DAL,SEA,CenturyLink Field,60,81,6,S,Partly Cloudy,FieldTurf,47,8,30,23
3812,2014,6,SN,NYG,PHI,Lincoln Financial Field,57,47,5,ESE,Partly Cloudy,Grass,50,2.5,0,27
3813,2014,6,MN,SF,STL,Edward Jones Dome,,,,,Dome,AstroTurf,43.5,-3.5,31,17
3814,2014,7,THU,NYJ,NE,Gillette Stadium,64,93,9,S,Chance Rain,FieldTurf,44,9.5,25,27
3815,2014,7,SUN,MIN,BUF,Ralph Wilson Stadium,41,58,9,WNW,Cloudy,A Turf Titan,42.5,6,16,17
3816,2014,7,SUN,MIA,CHI,Soldier Field,50,64,10,SW,Partly Cloudy,Grass,49,3,27,14
3817,2014,7,SUN,NO,DET,Ford Field,,,,,Dome,FieldTurf,48.5,3,23,24
3818,2014,7,SUN,CAR,GB,Lambeau Field,48,73,12,SW,Cloudy,DD GrassMaster,49,7,17,38
3819,2014,7,SUN,CIN,IND,Lucas Oil Stadium,49,63,6,W,Partly Sunny,AstroTurf,49.5,3,0,27
3820,2014,7,SUN,SEA,STL,Edward Jones Dome,,,,,Dome,AstroTurf,43.5,-7,26,28
3821,2014,7,SUN,TEN,WAS,FedEx Field,55,43,13,NW,Sunny,Grass,46,5.5,17,19
3822,2014,7,SUN,CLE,JAC,EverBank Field,76,54,8,N,Clear,Grass,45,-5.5,6,24
3823,2014,7,SUN,ATL,BAL,M&T Bank Stadium,54,0,14,NW,Sunny,MomentumTurf,49.5,7,7,29
3824,2014,7,SUN,KC,SD,Qualcomm Stadium,75,55,2,WNW,Sunny,Grass,45,4,23,20
3825,2014,7,SUN,NYG,DAL,AT&T Stadium,,,,,Closed Roof,AstroTurf,48,6.5,21,31
3826,2014,7,SUN,ARI,OAK,O.co Coliseum,69,71,6,WNW,Sunny,Grass,44,-3.5,24,13
3827,2014,7,SN,SF,DEN,Sports Authority Field at Mile High,67,25,4,NE,Clear,Grass,49.5,6.5,17,42
3828,2014,7,MN,HOU,PIT,Heinz Field,57,57,6,S,Cloudy,Grass,44.5,3,23,30
3829,2014,8,THU,SD,DEN,Sports Authority Field at Mile High,68,24,3,E,Partly Cloudy,Grass,51.5,7.5,21,35
3830,2014,8,SUN,DET,ATL,Wembley Stadium,59,,13,SW,Cloudy,Grass,46.5,-3.5,22,21
3831,2014,8,SUN,BAL,CIN,Paul Brown Stadium,62,32,6,W,Sunny,UBU Speed Series S5M,45.5,-2,24,27
3832,2014,8,SUN,HOU,TEN,LP Field,73,45,2,E,Sunny,Grass,42,-3,30,16
3833,2014,8,SUN,STL,KC,Arrowhead Stadium,70,73,8,SSE,Sunny,Grass,44,7,7,34
3834,2014,8,SUN,CHI,NE,Gillette Stadium,54,53,20,W,Cloudy,FieldTurf,50.5,6,23,51
3835,2014,8,SUN,BUF,NYJ,MetLife,59,44,16,WNW,Mostly Cloudy,FieldTurf,40.5,3,43,23
3836,2014,8,SUN,MIN,TB,Raymond James Stadium,77,34,5,N,Sunny,Grass,42.5,2.5,19,13
3837,2014,8,SUN,SEA,CAR,Bank of America Stadium,77,38,9,W,Sunny,Grass,44.5,-5,13,9
3838,2014,8,SUN,MIA,JAC,EverBank Field,76,45,6,NNE,Clear,Grass,42.5,-6,27,13
3839,2014,8,SUN,PHI,ARI,University of Phoenix Stadium,76,,,,Closed Roof,Grass,48,2,20,24
3840,2014,8,SUN,OAK,CLE,FirstEnergy Stadium,55,53,20,W,Sunny,Grass,43.5,7,13,23
3841,2014,8,SUN,IND,PIT,Heinz Field,62,28,12,WNW,Sunny,Grass,49,-3.5,34,51
3842,2014,8,SN,GB,NO,Mercedes-Benz Superdome,,,,,Dome,UBU Speed Series S5M,55.5,2.5,23,44
3843,2014,8,MN,WAS,DAL,AT&T Stadium,,,,,Closed Roof,AstroTurf,49.5,10,20,17
3844,2014,9,THU,NO,CAR,Bank of America Stadium,58,42,3,NNE,Clear,Grass,49,-3,28,10
3845,2014,9,SUN,JAC,CIN,Paul Brown Stadium,,,,,Sunny,UBU Speed Series S5M,43.5,10.5,23,33
3846,2014,9,SUN,TB,CLE,FirstEnergy Stadium,42,67,8,N,Sunny,Grass,43.5,7,17,22
3847,2014,9,SUN,ARI,DAL,AT&T Stadium,,,,,Closed Roof,AstroTurf,44.5,2.5,28,17
3848,2014,9,SUN,NYJ,KC,Arrowhead Stadium,57,30,20,S,Sunny,Grass,42,8.5,10,24
3849,2014,9,SUN,SD,MIA,Sun Life Stadium,70,29,16,NNW,Sunny,Grass,45,2,0,37
3850,2014,9,SUN,WAS,MIN,TCF Bank Stadium,50,,12,S,Sunny,FieldTurf,43.5,0,26,29
3851,2014,9,SUN,PHI,HOU,NRG Stadium,,,,,Closed Roof,Grass,48.5,-1.5,31,21
3852,2014,9,SUN,STL,SF,Levi's Stadium,61,55,8,NW,Sunny,Grass,43.5,10,13,10
3853,2014,9,SUN,DEN,NE,Gillette Stadium,35,63,23,NW,Cloudy,FieldTurf,54,-3,21,43
3854,2014,9,SUN,OAK,SEA,CenturyLink Field,54,80,9,S,Rain,FieldTurf,43,14,24,30
3855,2014,9,SN,BAL,PIT,Heinz Field,38,57,6,WNW,Clear,Grass,47.5,-1.5,23,43
3856,2014,9,MN,IND,NYG,MetLife Stadium,55,26,6,SSW,Clear,UBU Speed Series S5M,51,-3,40,24
3857,2014,10,THU,CLE,CIN,Paul Brown Stadium,42,86,17,W,Cloudy,UBU Speed Series S5M,45,6,24,3
3858,2014,10,SUN,KC,BUF,Ralph Wilson Stadium,42,72,10,SW,Cloudy,A Turf Titan,42,-1,17,13
3859,2014,10,SUN,MIA,DET,Ford Field,,,,,Dome,FieldTurf,43.5,2.5,16,20
3860,2014,10,SUN,SF,NO,Mercedes-Benz Superdome,,,,,Dome,UBU Speed Series S5M,49,5,27,24
3861,2014,10,SUN,PIT,NYJ,MetLife Stadium,58,36,8,W,Sunny,FieldTurf,47,-3.5,13,20
3862,2014,10,SUN,ATL,TB,Raymond James Stadium,64,73,5,N,Cloudy,Grass,46.5,-2.5,27,17
3863,2014,10,SUN,DAL,JAC,Wembley Stadium,50,71,3,S,Clear,Grass,45.5,-7,31,17
3864,2014,10,SUN,TEN,BAL,M&T Bank Stadium,57,37,7,W,Partly Cloudy,MomentumTurf,43.5,10,7,21
3865,2014,10,SUN,DEN,OAK,O.Co Coliseum ,68,65,6,WSW,Clear,Grass,50.5,-11,41,17
3866,2014,10,SUN,STL,ARI,University of Phoenix Stadium,,,,,Covered Roof,Grass,43,6.5,14,31
3867,2014,10,SUN,NYG,SEA,CenturyLink Field,50,88,0,CALM,Cloudy,FieldTurf,44.5,8.5,17,38
3868,2014,10,SN,CHI,GB,Lambeau Field,34,90,5,NW,Mostly Cloudy,DD GrassMaster,53,7,14,55
3869,2014,10,MN,CAR,PHI,Lincoln Financial Field,52,61,5,S,Clear,Grass,48,7,21,45
3870,2014,11,THU,BUF,MIA,Sun Life Stadium,74,76,4,NE,Clear,Grass,42,6,9,22
3871,2014,11,SUN,MIN,CHI,Soldier Field,31,76,12,SW,Flurries,Grass,46.5,3,13,21
3872,2014,11,SUN,HOU,CLE,FirstEnergy Stadium,34,57,9,SW,Cloudy,Grass,41,3.5,23,7
3873,2014,11,SUN,PHI,GB,Lambeau Field,28,72,13,SW,Cloudy,DD GrassMaster,54.5,5.5,20,53
3874,2014,11,SUN,SEA,KC,Arrowhead Stadium,21,65,8,NW,Cloudy,Grass,42,1.5,20,24
3875,2014,11,SUN,DEN,STL,Edward Jones Dome,,,,,Dome,AstroTurf,51,-9.5,7,22
3876,2014,11,SUN,CIN,NO,Mercedes-Benz Superdome,77,,,,Dome,UBU Speed Series S5M,50.5,7,27,10
3877,2014,11,SUN,SF,NYG,MetLife Stadium,42,53,0,SW,Cloudy,UBU Speed Series S5M,44.5,-4,16,10
3878,2014,11,SUN,TB,WAS,FedEx Field,45,39,6,SW,Cloudy,Grass,45.5,7.5,27,7
3879,2014,11,SUN,ATL,CAR,Bank of America Stadium,48,28,3,N,Cloudy,Grass,47,-1,19,17
3880,2014,11,SUN,OAK,SD,Qualcomm Stadium,72,40,13,W,Sunny,Grass,44.5,10,6,13
3881,2014,11,SUN,DET,ARI,University of Phoenix Stadium,,,,,Closed Roof,Grass,41,1,6,14
3882,2014,11,SN,NE,IND,Lucas Oil Stadium,,,,,Closed Roof,AstroTurf,57.5,3,42,20
3883,2014,11,MN,PIT,TEN,LP Field,25,64,9,WSW,Cloudy,Grass,46.5,-6,27,24
3884,2014,12,THU,KC,OAK,O.co Coliseum,57,88,6,SSE,Cloudy,Grass,42.5,-7,20,24
3885,2014,12,SUN,CLE,ATL,Georgia Dome,,,,,Dome,AstroTurf,47.5,3,26,24
3886,2014,12,SUN,TB,CHI,Soldier Field,54,75,12,S,Cloudy,Grass,46,5.5,13,21
3887,2014,12,SUN,JAC,IND,Lucas Oil Stadium,,,,,Closed Roof,AstroTurf,50.5,14,3,23
3888,2014,12,SUN,GB,MIN,TCF Bank Stadium,49,,,,Cloudy,FieldTurf,48.5,-8,24,21
3889,2014,12,SUN,DET,NE,Gillette Stadium,58,40,7,WSW,Mostly Sunny,FieldTurf,48,7,9,34
3890,2014,12,SUN,TEN,PHI,Lincoln Financial Field,54,33,7,S,Sunny,Grass,48.5,11,24,43
3891,2014,12,SUN,CIN,HOU,NRG Stadium,,,,,Closed Roof,Grass,43.5,1.5,22,13
3892,2014,12,SUN,STL,SD,Qualcomm Stadium,72,40,5,WNW,Sunny,Grass,43.5,5,24,27
3893,2014,12,SUN,ARI,SEA,CenturyLink Field,51,79,10,SSW,Sunny,FieldTurf,41,7,3,19
3894,2014,12,SUN,MIA,DEN,Sports Authority Field at Mile High,39,36,6,N,Mostly Cloudy,Grass,47.5,7,36,39
3895,2014,12,SUN,WAS,SF,Levi's Stadium,62,44,9,WNW,Cloudy,Grass,44,9,13,17
3896,2014,12,SN,DAL,NYG,MetLife Stadium,51,58,2,S,Cloudy,UBU Speed Series S5M,47.5,-3.5,31,28
3897,2014,12,MN,NYJ,BUF,Ford Field,,,,,Dome,FieldTurf,41.5,2.5,3,38
3898,2014,12,MN,BAL,NO,Mercedes-Benz Superdome,63,,,,Dome,UBU Speed Series S5M,50,3,34,27
3899,2014,13,THU,CHI,DET,Ford Field,,,,,Dome,FieldTurf,47.5,7,17,34
3900,2014,13,THU,PHI,DAL,AT&T Stadium,,,,,Closed Roof,AstroTurf,55.5,3,33,10
3901,2014,13,THU,SEA,SF,Levi's Stadium,68,45,0,CALM,Clear,Grass,40,1.5,19,3
3902,2014,13,SUN,CLE,BUF,Ralph Wilson Stadium,57,61,17,SW,Cloudy,A Turf Titan,41,2.5,10,26
3903,2014,13,SUN,WAS,IND,Lucas Oil Stadium,,,,,Closed Roof,AstroTurf,51,9.5,27,49
3904,2014,13,SUN,OAK,STL,Edward Jones Dome,,,,,Dome,AstroTurf,42,7,0,52
3905,2014,13,SUN,CAR,MIN,TCF Bank Stadium,12,,17,NW,Sunny,FieldTurf,43,2.5,13,31
3906,2014,13,SUN,NO,PIT,Heinz Field,63,55,15,SW,Cloudy,Grass,54,4.5,35,32
3907,2014,13,SUN,CIN,TB,Raymond James Stadium,77,54,7,E,Sunny,Grass,44,-3.5,14,13
3908,2014,13,SUN,NYG,JAC,EverBank Field,71,0,5,E,Clear,Grass,44.5,-2.5,24,25
3909,2014,13,SUN,SD,BAL,M&T Bank Stadium,54,0,8,SSW,Partly Cloudy,MomentumTurf,46,6,34,33
3910,2014,13,SUN,TEN,HOU,NRG Stadium,,,,,Closed Roof,Grass,43,6,21,45
3911,2014,13,SUN,ARI,ATL,Georgia Dome,,,,,Dome,AstroTurf,44.5,-2.5,18,29
3912,2014,13,SUN,NE,GB,Lambeau Field,28,60,14,NW,Mostly Cloudy,DD GrassMaster,58,3,21,26
3913,2014,13,SN,DEN,KC,Arrowhead Stadium,27,48,18,N,Cloudy,Grass,49.5,-2,29,16
3914,2014,13,MN,MIA,NYJ,MetLife,42,75,6,NW,Rain,FieldTurf,42,-7,16,13
3915,2014,14,THU,DAL,CHI,Soldier Field,,,,,Cloudy,Grass,50.5,-4,41,28
3916,2014,14,SUN,PIT,CIN,Paul Brown Stadium,39,70,8,N,Sunny,UBU Speed Series S5M,47,3,42,21
3917,2014,14,SUN,IND,CLE,FirstEnergy Stadium,37,61,10,E,Sunny,Grass,50,-3.5,25,24
3918,2014,14,SUN,TB,DET,Ford Field,83,,,,Dome,FieldTurf,41.5,10,17,34
3919,2014,14,SUN,NYG,TEN,LP Field,45,57,6,ENE,Cloudy,Grass,46,-1,36,7
3920,2014,14,SUN,BAL,MIA,Sun Life Stadium,76,68,10,NW,Sunny,Grass,45.5,2.5,28,13
3921,2014,14,SUN,NYJ,MIN,TCF Bank Stadium,32,,17,SE,Cloudy,FieldTurf,40,5.5,24,30
3922,2014,14,SUN,CAR,NO,Mercedes-Benz Superdome,55,,,,Dome,UBU Speed Series S5M,49.5,10,41,10
3923,2014,14,SUN,STL,WAS,FedEx Field,45,37,8,N,Sunny,Grass,45,-3,24,0
3924,2014,14,SUN,HOU,JAC,EverBank,61,60,15,N,Chance Rain,Grass,42.5,-6,27,13
3925,2014,14,SUN,BUF,DEN,Sports Authority Field at Mile High,63,15,3,SE,Mostly Sunny,Grass,47.5,10,17,24
3926,2014,14,SUN,KC,ARI,University of Phoenix Stadium,,,,,Closed Roof,Grass,40,-1,14,17
3927,2014,14,SUN,SF,OAK,O.co Coliseum,63,78,0,CALM,Cloudy,Grass,40.5,-8,13,24
3928,2014,14,SUN,SEA,PHI,Lincoln Financial Field,45,32,15,NNE,Mostly Sunny,Grass,48,1,24,14
3929,2014,14,SN,NE,SD,Qualcomm Stadium,67,59,7,NNW,Partly Cloudy,Grass,51,-3.5,23,14
3930,2014,14,MN,ATL,GB,Lambeau Field,33,96,0,CALM,Cloudy,DD GrassMaster,55.5,12.5,37,43
3931,2014,15,THU,ARI,STL,Edward Jones Dome,,,,,Dome,AstroTurf,40.5,4.5,12,6
3932,2014,15,SUN,PIT,ATL,Georgia Dome,,,,,Dome,FieldTurf,55,-3,27,20
3933,2014,15,SUN,GB,BUF,Ralph Wilson Stadium,38,89,10,W,Partly Cloudy,A Turf Titan,50.5,-4,13,21
3934,2014,15,SUN,CIN,CLE,FirstEnergy Stadium,43,94,7,W,Cloudy,Grass,44,1,30,0
3935,2014,15,SUN,MIN,DET,Ford Field,,,,,Dome,FieldTurf,41.5,7,14,16
3936,2014,15,SUN,HOU,IND,Lucas Oil Stadium,,,,,Closed Roof,AstroTurf,49,6.5,10,17
3937,2014,15,SUN,OAK,KC,Arrowhead Stadium,58,78,16,S,Cloudy,Grass,41.5,10,13,31
3938,2014,15,SUN,MIA,NE,Gillette Stadium,43,55,9,NNW,Sunny,FieldTurf,48,7.5,13,41
3939,2014,15,SUN,WAS,NYG,MetLife Stadium,43,63,9,NNW,Cloudy,UBU Speed Series S5M,47,6.5,13,24
3940,2014,15,SUN,TB,CAR,Bank of America Stadium,60,36,0,CALM,Sunny,Grass,41,3,17,19
3941,2014,15,SUN,JAC,BAL,M&T Bank Stadium,47,64,3,NW,Mostly Cloudy,MomentumTurf,45,14,12,20
3942,2014,15,SUN,NYJ,TEN,LP Field,54,58,6,E,Cloudy,Grass,42,-3,16,11
3943,2014,15,SUN,DEN,SD,Qualcomm Stadium,64,46,6,WNW,Sunny,Grass,50.5,-4,22,10
3944,2014,15,SUN,SF,SEA,CenturyLink Field,46,74,4,NW,Sunny,FieldTurf,38,9.5,7,17
3945,2014,15,SN,DAL,PHI,Lincoln Financial Field,41,69,9,NW,Partly Cloudy,Grass,55,3,38,27
3946,2014,15,MN,NO,CHI,Soldier Field,44,93,5,SSE,Rain,Grass,54,-3,31,15
3947,2014,16,THU,TEN,JAC,EverBank Field,58,,2,NW,Clear,Grass,40.5,3.5,13,21
3948,2014,16,SAT,SD,SF,Levi's Stadium,61,75,5,SW,Cloudy,Grass,41.5,1,38,35
3949,2014,16,SAT,PHI,WAS,FedEx Field,37,56,0,CALM,Cloudy,Grass,50,-7.5,24,27
3950,2014,16,SUN,DET,CHI,Soldier Field,36,74,13,S,Cloudy,Grass,45.5,-7,20,14
3951,2014,16,SUN,MIN,MIA,Sun Life Stadium,80,58,9,SE,Partly Cloudy,Grass,42.5,6.5,35,37
3952,2014,16,SUN,ATL,NO,Mercedes-Benz Superdome,,,,,Dome,UBU Speed Series S5M,56,6,30,14
3953,2014,16,SUN,NE,NYJ,MetLife,34,75,9,NW,Cloudy,FieldTurf,47.5,-10,17,16
3954,2014,16,SUN,KC,PIT,Heinz Field,36,50,1,SSE,Sunny,Grass,46.5,3,12,20
3955,2014,16,SUN,GB,TB,Raymond James STadium,75,65,7,N,Cloudy,Grass,48.5,-10.5,20,3
3956,2014,16,SUN,CLE,CAR,Bank of America Stadium,48,65,3,NNE,Cloudy,Grass,39.5,3.5,13,17
3957,2014,16,SUN,BAL,HOU,NRG Stadium,,,,,Closed Roof,Grass,41.5,-5.5,13,25
3958,2014,16,SUN,NYG,STL,Edward Jones Dome,,,,,Dome,AstroTurf,43.5,5,37,27
3959,2014,16,SUN,IND,DAL,AT&T Stadium,,,,,Closed Roof,AstroTurf,55,3,7,42
3960,2014,16,SUN,BUF,OAK,O.co Coliseum,64,84,10,WNW,Cloudy,Grass,39,-5.5,24,26
3961,2014,16,SN,SEA,ARI,University of Phoenix Stadium,,,,,Closed Roof,Grass,36.5,-7.5,35,6
3962,2014,16,MN,DEN,CIN,Paul Brown Stadium,47,70,8,N,Cloudy,UBU Speed Series S5M,47.5,-3,28,37
3963,2014,17,SUN,CAR,ATL,Georgia Dome,,,,,Dome,AstroTurf,47.5,3,34,3
3964,2014,17,SUN,DET,GB,Lambeau Field,27,69,5,W,Cloudy,DD GrassMaster,47,7.5,20,30
3965,2014,17,SUN,IND,TEN,LP Field,40,99,6,N,Cloudy,Grass,46.5,-7,27,10
3966,2014,17,SUN,SD,KC,Arrowhead Stadium,31,63,7,SSW,,Grass,40.5,1,7,19
3967,2014,17,SUN,NYJ,MIA,Sun Life Stadium,80,68,12,SE,Partly Cloudy,Grass,42,6,37,24
3968,2014,17,SUN,CHI,MIN,TCF Bank Stadium,15,77,0,CALM,Cloudy,FieldTurf,44,6,9,13
3969,2014,17,SUN,BUF,NE,Gillette Stadium,49,74,9,NW,Mostly Cloudy,FieldTurf,44,5,17,9
3970,2014,17,SUN,PHI,NYG,MetLife Stadium,48,82,8,SSW,Cloudy,UBU Speed Series S5M,52.5,2.5,34,26
3971,2014,17,SUN,NO,TB,Raymond James Stadium,79,74,6,SW,Cloudy,Grass,46.5,-4,23,20
3972,2014,17,SUN,DAL,WAS,FedEx Field,58,54,0,CALM,Cloudy,Grass,49,-4,44,17
3973,2014,17,SUN,CLE,BAL,M&T Bank Stadium,54,0,5,WNW,Cloudy,MomentumTurf,39,13.5,10,20
3974,2014,17,SUN,JAC,HOU,NRG Stadium,43,93,11,NNW,Rain,Grass,40.5,9.5,17,23
3975,2014,17,SUN,OAK,DEN,Sports Authority Field at Mile High,40,28,7,NE,Partly Cloudy,Grass,47.5,14,14,47
3976,2014,17,SUN,ARI,SF,Levi's Stadium,51,60,3,NW,Sunny,Grass,37,6.5,17,20
3977,2014,17,SUN,STL,SEA,CenturyLink Field,43,81,5,SE,Cloudy,FieldTurf,41,12,6,20
3978,2014,17,SN,CIN,PIT,Heinz Field,37,68,5,NW,Cloudy,Grass,48,3.5,17,27
3979,2014,18,SAT,ARI,CAR,Bank of America Stadium,51,82,6,NE,Rain,Grass,38,6.5,16,27
3980,2014,18,SAT,BAL,PIT,Heinz Field,48,80,10,S,Cloudy,Grass,45,3,30,17
3981,2014,18,SUN,CIN,IND,Lucas Oil Stadium,,,,,Closed Roof,AstroTurf,49,3.5,10,26
3982,2014,18,SUN,DET,DAL,AT&T Stadium,,,,,Closed Roof,AstroTurf,48,6.5,20,24
3983,2014,19,SAT,BAL,NE,Gillette Stadium,20,30,12,W,Clear,FieldTurf,47.5,7,31,35
3984,2014,19,SAT,CAR,SEA,CenturyLink Field,48,89,0,CALM,Cloudy,FieldTurf,39.5,10.5,17,31
3985,2014,19,SUN,DAL,GB,Lambeau Field,24,62,0,CALM,Cloudy,DD GrassMaster,52.5,5.5,21,26
3986,2014,19,SUN,IND,DEN,Sports Authority Field at Mile High,40,71,7,N,Cloudy,Grass,54,7,24,13
3987,2014,20,SUN,GB,SEA,CenturyLink Field,52,70,15,SSW,Rain,FieldTurf,46.5,7.5,22,28
3988,2014,20,SUN,IND,NE,Gillette Stadium,51,71,20,SSE,Rain,FieldTurf,53.5,6.5,7,45
3989,2014,21,SUN,NE,SEA,University of Phoenix Stadium,66,49,6,S,Sunny,Grass,47.5,-1,28,24
3990,2015,1,THU,PIT,NE,Gillette Stadium,65,93,9,NNE,Cloudy,FieldTurf,51,7,21,28
3991,2015,1,SUN,GB,CHI,Soldier Field,68,39,11,WNW,Mostly Sunny,Grass,49,-6.5,31,23
3992,2015,1,SUN,KC,HOU,NRG Stadium,,,,,Closed Roof,Grass,41,1,27,20
3993,2015,1,SUN,CLE,NYJ,MetLife Stadium,77,49,8,SW,Cloudy,FieldTurf,39.5,3.5,10,31
3994,2015,1,SUN,IND,BUF,Ralph Wilson Stadium,56,78,15,W,Cloudy,A Turf Titan,45,-2.5,14,27
3995,2015,1,SUN,MIA,WAS,FedEx Field,69,58,10,NW,Partly Cloudy,Grass,43,-3.5,17,10
3996,2015,1,SUN,CAR,JAC,EverBank Field,77,55,7,N,Chance Rain,Grass,41,-3,20,9
3997,2015,1,SUN,SEA,STL,Edward Jones Dome,,,,,Dome,AstroTurf,40.5,-4,31,34
3998,2015,1,SUN,NO,ARI,University of Phoenix Stadium,,,,,Closed Roof,Grass,48.5,2.5,19,31
3999,2015,1,SUN,DET,SD,Qualcomm Stadium,84,47,10,WSW,Sunny,Grass,46,3,28,34
4000,2015,1,SUN,TEN,TB,Raymond James Stadium,84,66,8,NNE,Cloudy,Grass,41,3,42,14
4001,2015,1,SUN,CIN,OAK,O.co Coliseum,73,59,9,WNW,Cloudy,Grass,43,-3,33,13
4002,2015,1,SUN,BAL,DEN,Sports Authority Field at Mile High,88,8,13,NW,Partly Sunny,Grass,48,4.5,13,19
4003,2015,1,SN,NYG,DAL,AT&T Stadium,,,,,Closed Roof,AstroTurf,51.5,6,26,27
4004,2015,1,MN,PHI,ATL,Georgia Dome,,,,,Dome,AstroTurf,55,-3,24,26
4005,2015,1,MN,MIN,SF,Levi's Stadium,70,63,5,S,Partly Cloudy,Grass,41.5,-2.5,3,20
4006,2015,2,THU,DEN,KC,Arrowhead Stadium,87,59,13,S,Cloudy,Grass,42,3,31,24
4007,2015,2,SUN,HOU,CAR,Bank of America Stadium,88,43,6,NE,Sunny,Grass,39.5,3,17,24
4008,2015,2,SUN,SF,PIT,Heinz Field,66,60,10,NNE,Partly Cloudy,Grass,45.5,6.5,18,43
4009,2015,2,SUN,TB,NO,Mercedes-Benz Superdome,,,,,Dome,UBU Speed Series S5M,47.5,10,26,19
4010,2015,2,SUN,DET,MIN,TCF Bank Stadium,67,,,,Partly Cloudy,FieldTurf,43.5,2,16,26
4011,2015,2,SUN,ARI,CHI,Soldier Field,70,47,6,S,Mostly Sunny,Grass,46,-2,48,23
4012,2015,2,SUN,NE,BUF,Ralph Wilson Stadium,62,57,7,N,Sunny,A Turf Titan,44,-1,40,32
4013,2015,2,SUN,SD,CIN,Paul Brown Stadium,69,47,6,NE,Partly Cloudy,UBU Sports Speed S5M,47,3,19,24
4014,2015,2,SUN,TEN,CLE,FirstEnergy Stadium,64,59,12,NE,Sunny,Grass,41.5,-2,14,28
4015,2015,2,SUN,ATL,NYG,MetLife Stadium,73,47,9,N,Mostly Cloudy,UBU Speed Series S5M,51,2.5,24,20
4016,2015,2,SUN,STL,WAS,FedEx Field,72,56,9,N,Cloudy,Grass,41,-3,10,24
4017,2015,2,SUN,MIA,JAC,EverBank Field,87,55,5,E,Partly Cloudy,Grass,41.5,-5.5,20,23
4018,2015,2,SUN,BAL,OAK,O.co Coliseum,80,32,8,WNW,Sunny,Grass,42.5,-6.5,33,37
4019,2015,2,SUN,DAL,PHI,Lincoln Financial Field,77,37,15,NNE,Partly Cloudy,Grass,55,5,20,10
4020,2015,2,SN,SEA,GB,Lambeau Field,62,52,9,SE,Clear,DD GrassMaster,49,3.5,17,27
4021,2015,2,MN,NYJ,IND,Lucas Oil Stadium,,,,,Closed Roof,AstroTurf,46.5,7,20,7
4022,2015,3,THU,WAS,NYG,MetLife Stadium,71,60,4,SSW,Clear,UBU Speed Series S5M,45,3,21,32
4023,2015,3,SUN,ATL,DAL,AT&T Stadium,,,,,Closed Roof,AstroTurf,44,-1,39,28
4024,2015,3,SUN,IND,TEN,LP Field,74,77,3,ENE,Cloudy,Grass,46,-3,35,33
4025,2015,3,SUN,OAK,CLE,FirstEnergy Stadium,75,62,16,SSE,Cloudy,Grass,42.5,3.5,27,20
4026,2015,3,SUN,CIN,BAL,M&T Bank Stadium,70,20,12,ENE,Cloudy,MomentumTurf,44.5,2.5,28,24
4027,2015,3,SUN,JAC,NE,Gillette Stadium,68,41,6,E,Clear,FieldTurf,48,13.5,17,51
4028,2015,3,SUN,NO,CAR,Bank of America Stadium,69,90,9,NNE,Rain,Grass,42.5,8,22,27
4029,2015,3,SUN,PHI,NYJ,MetLife Stadium,66,52,7,E,Clear,FieldTurf,46,2,24,17
4030,2015,3,SUN,TB,HOU,NRG Stadium,,,,,Closed Roof,Grass,40.5,6.5,9,19
4031,2015,3,SUN,SD,MIN,TCF Bank Stadium,75,,12,S,Sunny,FieldTurf,44.5,2.5,14,31
4032,2015,3,SUN,PIT,STL,Edward Jones Dome,,,,,Dome,AstroTurf,48,-1,12,6
4033,2015,3,SUN,SF,ARI,University of Phoenix Stadium,,,,,Closed Roof,Grass,44.5,6.5,7,47
4034,2015,3,SUN,BUF,MIA,Sun Life Stadium,87,65,6,SE,Cloudy,Grass,41.5,3,41,14
4035,2015,3,SUN,CHI,SEA,CenturyLink Field,60,53,5,NE,Sunny,FieldTurf,43.5,14.5,0,26
4036,2015,3,SN,DEN,DET,Ford Field,,,,,Dome,FieldTurf,44.5,-3,24,12
4037,2015,3,MN,KC,GB,Lambeau Field,67,93,5,N,Light Rain,DD GrassMaster,49,6.5,28,38
4038,2015,4,THU,BAL,PIT,Heinz Field,63,62,8,ENE,Cloudy,Grass,44,-3,23,20
4039,2015,4,SUN,NYJ,MIA,Sun Life Stadium,59,63,5,SSE,Sunny,Grass,42,-1.5,27,14
4040,2015,4,SUN,JAC,IND,Lucas Oil Stadium,,,,,Closed Roof,AstroTurf,48,9,13,16
4041,2015,4,SUN,NYG,BUF,Ralph Wilson Stadium,60,66,8,E,Mostly Cloudy,A Turf Titan,46,5,24,10
4042,2015,4,SUN,CAR,TB,Raymond James Stadium,74,92,5,NE,Cloudy,Grass,39.5,-3,37,24
4043,2015,4,SUN,PHI,WAS,FedEx Field,58,82,13,NE,Cloudy,Grass,43.5,-3,20,23
4044,2015,4,SUN,OAK,CHI,Soldier Field,55,83,12,NE,Cloudy,Grass,44.5,-3,20,22
4045,2015,4,SUN,HOU,ATL,Georgia Dome,,,,,Dome,AstroTurf,46.5,6.5,21,48
4046,2015,4,SUN,KC,CIN,Paul Brown Stadium,68,64,5,E,Sunny,UBU Speed Series S5M,45,4,21,36
4047,2015,4,SUN,CLE,SD,Qualcomm Stadium,68,78,11,WNW,Cloudy,Grass,44.5,7,27,30
4048,2015,4,SUN,GB,SF,Levi's Stadium,74,36,5,SE,Sunny,Grass,48,-8,17,6
4049,2015,4,SUN,STL,ARI,University of Phoenix Stadium,,,,,Closed Roof,Grass,42.5,7,24,22
4050,2015,4,SUN,MIN,DEN,Sports Authority Field at Mile High,60,57,9,NE,Cloudy,Grass,43,7,20,23
4051,2015,4,SN,DAL,NO,Mercedes-Benz Superdome,,,,,Dome,UBU Speed Series S5M,47,3,20,26
4052,2015,4,MN,DET,SEA,CenturyLink Field,74,41,8,N,Sunny,FieldTurf,43,10,10,13
4053,2015,5,THU,IND,HOU,NRG Stadium,,,,,Closed Roof,Grass,46,-3,27,20
4054,2015,5,SUN,CHI,KC,Arrowhead Stadium,72,51,10,SSW,Sunny,Grass,45,9,18,17
4055,2015,5,SUN,SEA,CIN,Paul Brown Stadium,66,59,3,SW,Sunny,UBU Speed Series S5M,43,3,24,27
4056,2015,5,SUN,WAS,ATL,Georgia Dome,,,,,Dome,AstroTurf,48,7,19,25
4057,2015,5,SUN,JAC,TB,Raymond James Stadium,84,55,9,NW,Clear,Grass,42,3,31,38
4058,2015,5,SUN,NO,PHI,Lincoln Financial Field,67,54,6,SW,Clear,Grass,49,5,17,40
4059,2015,5,SUN,CLE,BAL,M&T Bank Stadium,65,48,2,SSW,Mostly Sunny,MomentumTurf,43,6.5,33,30
4060,2015,5,SUN,STL,GB,Lambeau Field,67,61,15,SW,Clear,DD GrassMaster,45.5,9,10,24
4061,2015,5,SUN,BUF,TEN,LP Field,67,58,5,NNE,Sunny,Grass,42,-1,14,13
4062,2015,5,SUN,ARI,DET,Ford Field,,,,,Dome,FieldTurf,44.5,-3,42,17
4063,2015,5,SUN,NE,DAL,AT&T Stadium,,,,,Closed Roof,AstroTurf,49.5,-8.5,30,6
4064,2015,5,SUN,DEN,OAK,O.co Coliseum,72,59,10,,Sunny,Grass,43.5,-4.5,16,10
4065,2015,5,SN,SF,NYG,MetLife Stadium,61,59,4,SSW,Clear,UBU Speed Series S5M,43,7,27,30
4066,2015,5,MN,PIT,SD,Qualcomm Stadium,93,32,10,WNW,Partly Cloudy,Grass,45.5,3,24,20
4067,2015,6,THU,ATL,NO,Mercedes-Benz Superdome,,,,,Dome,UBU Speed Series S5M,51,-3,21,31
4068,2015,6,SUN,WAS,NYJ,MetLife Stadium,49,30,16,WNW,Clear,FieldTurf,40.5,7,20,34
4069,2015,6,SUN,ARI,PIT,Heinz Field,45,47,12,W,Partly Cloudy,Grass,44.5,-3.5,13,25
4070,2015,6,SUN,KC,MIN,TCF Bank Stadium,54,0,10,SSW,Sunny,FieldTurf,43,3.5,10,16
4071,2015,6,SUN,CIN,BUF,Ralph Wilson Stadium,40,73,4,NE,Cloudy,A Turf Titan,42.5,-3,34,21
4072,2015,6,SUN,CHI,DET,Ford Field,,,,,Dome,FieldTurf,44,3,34,37
4073,2015,6,SUN,DEN,CLE,FirstEnergy Stadium,47,52,20,NW,Sunny,Grass,42.5,-4,26,23
4074,2015,6,SUN,HOU,JAC,EverBank Field,73,55,18,NE,Clear,Grass,43,1,31,21
4075,2015,6,SUN,MIA,TEN,LP Field,56,39,8,S,Sunny,Grass,43.5,1,38,10
4076,2015,6,SUN,CAR,SEA,CenturyLink Field,61,85,SSE,5,Cloudy,FieldTurf,41,7,27,23
4077,2015,6,SUN,SD,GB,Lambeau Field,54,35,12,S,Clear,DD GrassMaster,50.5,10.5,20,27
4078,2015,6,SUN,BAL,SF,Levi's Stadium,69,60,7,N,Partly Sunny,Grass,43.5,-2,20,25
4079,2015,6,SN,NE,IND,Lucas Oil Stadium,,,,,Closed Roof,AstroTurf,54.5,-9,34,27
4080,2015,6,MN,NYG,PHI,Lincoln Financial Field,44,49,6,SSW,Clear,Grass,49.5,4.5,7,27
4081,2015,7,THU,SEA,SF,Levi's Stadium,75,40,8,NW,Mostly Sunny,Grass,42,-6.5,20,3
4082,2015,7,SUN,BUF,JAC,Wembley Stadium,48,74,2,NNW,Mostly Sunny,Grass,41,-4.5,31,34
4083,2015,7,SUN,TB,WAS,FedEx Field,64,87,5,W,Sunny,Grass,42.5,3,30,31
4084,2015,7,SUN,ATL,TEN,LP Field,59,95,8,NE,Cloudy,Grass,46.5,-7,10,7
4085,2015,7,SUN,NO,IND,Lucas Oil Stadium,,,,,Closed Roof,AstroTurf,52,4,28,21
4086,2015,7,SUN,MIN,DET,Ford Field,,,,,Dome,FieldTurf,44.5,-1,28,19
4087,2015,7,SUN,PIT,KC,Arrowhead Stadium,58,57,7,NE,Sunny,Grass,42.5,2.5,13,23
4088,2015,7,SUN,CLE,STL,Edward Jones Dome,,,,,Dome,AstroTurf,41.5,7,6,24
4089,2015,7,SUN,HOU,MIA,Sun Life Stadium,84,62,13,ESE,Cloudy,Grass,44.5,4.5,27,44
4090,2015,7,SUN,NYJ,NE,Gillette Stadium,58,80,9,SW,Cloudy,FieldTurf,48,9,23,30
4091,2015,7,SUN,OAK,SD,Qualcomm Stadium,77,48,4,SW,Sunny,Grass,46.5,3.5,37,29
4092,2015,7,SUN,DAL,NYG,MetLife Stadium,71,40,14,NNW,Mostly Cloudy,UBU Speed Series S5M,45.5,3.5,20,27
4093,2015,7,SN,PHI,CAR,Bank of America Stadium,71,80,0,,Cloudy,Grass,45.5,3,16,27
4094,2015,7,MN,BAL,ARI,University of Phoenix Stadium,,,,,Closed Roof,Grass,48,10,18,26
4095,2015,8,THU,MIA,NE,Gillette Stadium,58,39,10,WSW,Cloudy,FieldTurf,51,9,7,36
4096,2015,8,SUN,DET,KC,Wembley Stadium,50,91,2,NNE,Clear,Grass,45,3.5,10,45
4097,2015,8,SUN,TB,ATL,Georgia Dome,,,,,Dome,AstroTurf,48.5,7,23,20
4098,2015,8,SUN,ARI,CLE,FirstEnergy Stadium,62,58,21,SW,Sunny,Grass,46,-5.5,34,20
4099,2015,8,SUN,SF,STL,Edward Jones Dome,,,,,Dome,AstroTurf,39.5,8,6,27
4100,2015,8,SUN,NYG,NO,Mercedes-Benz Superdome,,,,,Dome,UBU Speed Series S5M,49,3,49,52
4101,2015,8,SUN,MIN,CHI,Soldier Field,62,42,11,W,Sunny,Grass,42.5,-1,23,20
4102,2015,8,SUN,SD,BAL,M&T Bank Stadium,63,72,10,WSW,Mostly Cloudy,MomentumTurf,50,3.5,26,29
4103,2015,8,SUN,CIN,PIT,Heinz Field,62,71,11,WSW,Cloudy,Grass,48.5,0,16,10
4104,2015,8,SUN,TEN,HOU,NRG Stadium,,,,,Closed Roof,Grass,43.5,4.5,6,20
4105,2015,8,SUN,NYJ,OAK,O.co Coliseum,68,70,8,S,Partly Cloudy,Grass,44,-3,20,34
4106,2015,8,SUN,SEA,DAL,AT&T Stadium,,,,,Closed Roof,AstroTurf,41,-5,13,12
4107,2015,8,SN,GB,DEN,Sports Authority Field at Mile High,61,23,9,SW,Partly Cloudy,Grass,45.5,-3,10,29
4108,2015,8,MN,IND,CAR,Bank of America Stadium,60,100,7,ENE,Light Rain,Grass,46.5,7,26,29
4109,2015,9,THU,CLE,CIN,Paul Brown Stadium,71,61,4,S,Cloudy,UBU Speed Series S5M,45,12,10,31
4110,2015,9,SUN,GB,CAR,Bank of America Stadium,57,50,10,ENE,Cloudy,Grass,46.5,-2.5,29,37
4111,2015,9,SUN,WAS,NE,Gillette Stadium,54,34,12,WNW,Sunny,FieldTurf,52,14,10,27
4112,2015,9,SUN,TEN,NO,Mercedes-Benz Superdome,,,,,Dome,UBU Speed Series S5M,48,8,34,28
4113,2015,9,SUN,MIA,BUF,Ralph Wilson Stadium,49,55,7,W,Partly Cloudy,A Turf Titan,44,3,17,33
4114,2015,9,SUN,STL,MIN,TCF Bank Stadium,51,,20,S,Sunny,FieldTurf,40,2,18,21
4115,2015,9,SUN,JAC,NYJ,MetLife Stadium,56,36,10,WNW,Sunny,FieldTurf,42,8,23,28
4116,2015,9,SUN,OAK,PIT,Heinz Field,54,38,5,NE,Sunny,Grass,48,4.5,35,38
4117,2015,9,SUN,NYG,TB,Raymond James Stadium,80,90,3,SW,Cloudy,Grass,50,-2.5,32,18
4118,2015,9,SUN,ATL,SF,Levi's Stadium,58,84,0,CALM,Cloudy,Grass,44,-7,16,17
4119,2015,9,SUN,DEN,IND,Lucas Oil Stadium,,,,,Closed Roof,AstroTurf,45,-5,24,27
4120,2015,9,SN,PHI,DAL,AT&T Stadium,,,,,Closed Roof,AstroTurf,44.5,-3,33,27
4121,2015,9,MN,CHI,SD,Qualcomm Stadium,63,67,9,W,Cloudy,Grass,49,4,22,19
4122,2015,10,THU,BUF,NYJ,MetLife Stadium,60,75,16,WSW,Cloudy,FieldTurf,41.5,2.5,22,17
4123,2015,10,SUN,DET,GB,Lambeau Field,55,59,7,S,Sunny,DD GrassMaster,49,10.5,18,16
4124,2015,10,SUN,DAL,TB,Raymond James Stadium,79,56,13,E,Cloudy,Grass,43.5,1,6,10
4125,2015,10,SUN,CAR,TEN,LP Field,57,24,2,SSE,Cloudy,Grass,44,-4,27,10
4126,2015,10,SUN,CHI,STL,Edward Jones Dome,,,,,Dome,AstroTurf,42.5,7,37,13
4127,2015,10,SUN,NO,WAS,FedEx Field,61,29,5,SSW,Sunny,Grass,50,0,14,47
4128,2015,10,SUN,MIA,PHI,Lincoln Financial Field,59,34,13,WSW,Sunny,Grass,49.5,6,20,19
4129,2015,10,SUN,CLE,PIT,Heinz Field,61,32,12,SW,Sunny,Grass,41.5,6,9,30
4130,2015,10,SUN,JAC,BAL,M&T Bank Stadium,60,34,10,WSW,Partly Cloudy,MomentumTurf,47.5,4.5,22,20
4131,2015,10,SUN,MIN,OAK,O.co Coliseum,62,50,31,W,Sunny,Grass,44,3,30,14
4132,2015,10,SUN,NE,NYG,MetLife Stadium,60,31,8,WSW,Clear,UBU Speed Series S5M,54.5,-7.5,27,26
4133,2015,10,SUN,KC,DEN,Sports Authority Field at Mile High,64,10,5,NE,Mostly Sunny,Grass,41.5,4.5,29,13
4134,2015,10,SN,ARI,SEA,CenturyLink Field,49,63,0,CALM,Cloudy,FieldTurf,44.5,3,39,32
4135,2015,10,MN,HOU,CIN,Paul Brown Stadium,53,60,4,WSW,Light Showers,UBU Speed Series S5M,47.5,11,10,6
4136,2015,11,THU,TEN,JAC,EverBank Field,75,90,5,W,Chance Rain,Grass,42,3,13,19
4137,2015,11,SUN,OAK,DET,Ford Field,,,,,Dome,FieldTurf,49.5,1,13,18
4138,2015,11,SUN,IND,ATL,Georgia Dome,,,,,Dome,AstroTurf,47.5,5,24,21
4139,2015,11,SUN,NYJ,HOU,NRG Stadium,,,,,Closed Roof,Grass,40.5,-3,17,24
4140,2015,11,SUN,TB,PHI,Lincoln Financial Field,48,41,15,NW,Cloudy,Grass,45,5.5,45,17
4141,2015,11,SUN,DEN,CHI,Soldier Field,29,57,9,SSW,Sunny,Grass,41,-1,17,15
4142,2015,11,SUN,GB,MIN,TCF Bank Stadium,30,,8,S,Cloudy,FieldTurf,44.5,1,30,13
4143,2015,11,SUN,STL,BAL,M&T Bank Stadium,47,39,14,NNW,Partly Cloudy,MomentumTurf,41.5,2.5,13,16
4144,2015,11,SUN,DAL,MIA,Sun Life Stadium,74,90,10,NW,Mostly Cloudy,Grass,46.5,-1,24,14
4145,2015,11,SUN,WAS,CAR,Bank of America Stadium,50,63,8,N,Mostly Sunny,Grass,44.5,7,16,44
4146,2015,11,SUN,SF,SEA,CenturyLink Field,46,60,6,N,Sunny,FieldTurf,39.5,13,13,29
4147,2015,11,SUN,KC,SD,Qualcomm Stadium,87,12,4,NNW,Sunny,Grass,45,-3,33,3
4148,2015,11,SN,CIN,ARI,University of Phoenix Stadium,,,,,Closed Roof,Grass,49,4.5,31,34
4149,2015,11,MN,BUF,NE,Gillette Stadium,29,40,8,WNW,Clear,FieldTurf,48,7,13,20
4150,2015,12,THU,PHI,DET,Ford Field,,,,,Dome,FieldTurf,46,2.5,14,45
4151,2015,12,THU,CAR,DAL,AT&T Stadium,,,,,Closed Roof,AstroTurf,45.5,1,33,14
4152,2015,12,THU,CHI,GB,Lambeau Field,39,92,19,N,Rain,DD GrassMaster,45,8.5,17,13
4153,2015,12,SUN,NO,HOU,NRG Stadium,,,,,Closed Roof,Grass,48,3,6,24
4154,2015,12,SUN,STL,CIN,Paul Brown Stadium,41,88,8,NNE,Cloudy,UBU Speed Series S5M,42,9,7,31
4155,2015,12,SUN,MIN,ATL,Georgia Dome,,,,,Dome,AstroTurf,45.5,1,20,10
4156,2015,12,SUN,NYG,WAS,FedEx Field,46,93,5,NNE,Cloudy,Grass,47,-2.5,14,20
4157,2015,12,SUN,TB,IND,Lucas Oil Stadium,,,,,Closed Roof,AstroTurf,46.5,3,12,25
4158,2015,12,SUN,BUF,KC,Arrowhead Stadium,35,99,7,NE,Rain,Grass,41.5,6,22,30
4159,2015,12,SUN,OAK,TEN,LP Field,56,100,4,NE,Rain,Grass,44,-1,24,21
4160,2015,12,SUN,SD,JAC,EverBank Field,75,60,8,NE,Chance Rain,Grass,46.5,4.5,31,25
4161,2015,12,SUN,MIA,NYJ,MetLife Stadium,45,44,5,NNE,Sunny,FieldTurf,42.5,3.5,20,38
4162,2015,12,SUN,ARI,SF,Levi's Stadium,54,40,4,WSW,Sunny,Grass,45,-10,19,13
4163,2015,12,SUN,PIT,SEA,CenturyLink Field,38,80,2,W,Cloudy,FieldTurf,46,3.5,30,39
4164,2015,12,SN,NE,DEN,Sports Authority Field at Mile High,23,75,3,NE,Light Snow,Grass,43,-3,24,30
4165,2015,12,MN,BAL,CLE,FirstEnergy Stadium,45,58,9,E,Clear,Grass,41,3,33,27
4166,2015,13,THU,GB,DET,Ford Field,,,,,Dome,FieldTurf,47,-2.5,27,23
4167,2015,13,SUN,NYJ,NYG,MetLife Stadium,51,50,8,S,Sunny,UBU Speed Series S5M,46,-2,23,20
4168,2015,13,SUN,ARI,STL,Edward Jones Dome,,,,,Dome,AstroTurf,43,-5.5,27,3
4169,2015,13,SUN,ATL,TB,Raymond James Stadium,79,63,18,ENE,Cloudy,Grass,46,1,19,23
4170,2015,13,SUN,CAR,NO,Mercedes-Benz Superdome,,,,,Dome,UBU Speed Series S5M,50,-7,41,38
4171,2015,13,SUN,SEA,MIN,TCF Bank Stadium,37,86,3,W,Cloudy,FieldTurf,42,-2,38,7
4172,2015,13,SUN,HOU,BUF,Ralph Wilson Stadium,47,65,8,WSW,Cloudy,A Turf Titan,41.5,3,21,30
4173,2015,13,SUN,BAL,MIA,Sun Life Stadium,80,70,21,NE,Cloudy,Grass,43,3.5,13,15
4174,2015,13,SUN,CIN,CLE,FirstEnergy Stadium,45,63,12,S,Sunny,Grass,43.5,-9.5,37,3
4175,2015,13,SUN,JAC,TEN,LP Field,56,50,1,SE,Cloudy,Grass,43.5,2.5,39,42
4176,2015,13,SUN,SF,CHI,Soldier Field,50,55,5,S,Sunny,Grass,43.5,7.5,26,20
4177,2015,13,SUN,DEN,SD,Qualcomm Stadium,78,13,4,W,Sunny,Grass,43.5,-3.5,17,3
4178,2015,13,SUN,KC,OAK,O.co Coliseum,57,95,3,N,Cloudy,Grass,44,-3,34,20
4179,2015,13,SUN,PHI,NE,Gillette Stadium,52,49,5,SW,Clear,FieldTurf,49,9.5,35,28
4180,2015,13,SN,IND,PIT,Heinz Field,37,74,2,SSE,Partly Cloudy,Grass,49,7,10,45
4181,2015,13,MN,DAL,WAS,FedEx Field,41,75,0,CALM,Clear,Grass,42,4,19,16
4182,2015,14,THU,MIN,ARI,University of Phoenix Stadium,,,,,Closed Roof,Grass,46.5,10,20,23
4183,2015,14,SUN,BUF,PHI,Lincoln Financial Field,66,68,3,SE,Partly Cloudy,Grass,47,1,20,23
4184,2015,14,SUN,SF,CLE,FirstEnergy Stadium,63,75,11,S,Cloudy,Grass,41,2,10,24
4185,2015,14,SUN,DET,STL,Edward Jones Dome,,,,,Dome,AstroTurf,41,-3,14,21
4186,2015,14,SUN,NO,TB,Raymond James Stadium,81,63,15,E,Cloudy,Grass,50.5,4.5,24,17
4187,2015,14,SUN,TEN,NYJ,MetLife Stadium,67,55,5,S,Clear,FieldTurf,43,7,8,30
4188,2015,14,SUN,PIT,CIN,Paul Brown Stadium,63,79,8,S,Cloudy,UBU Speed Series S5M,50,2.5,33,20
4189,2015,14,SN,SEA,BAL,M&T Bank Stadium,65,70,2,S,Partly Cloudy,MomentumTurf,40.5,-11.5,35,6
4190,2015,14,SUN,IND,JAC,EverBank Field,79,66,5,E,Clear,Grass,46,1,16,51
4191,2015,14,SUN,SD,KC,Arrowhead Stadium,61,97,14,ESE,Rain,Grass,45,10.5,3,10
4192,2015,14,SUN,WAS,CHI,Soldier Field,62,80,12,SSE,Chance Rain,Grass,43.5,3.5,24,21
4193,2015,14,SUN,ATL,CAR,Bank of America Stadium,63,93,6,S,Sunny,Grass,46.5,8,0,38
4194,2015,14,SUN,OAK,DEN,Sports Authority Field at Mile High,45,33,2,W,Partly Cloudy,Grass,43.5,7,15,12
4195,2015,14,SUN,DAL,GB,Lambeau Field,53,100,10,SE,Rain,DD GrassMaster,42.5,6.5,7,28
4196,2015,14,SN,NE,HOU,NRG Stadium,,,,,Closed Roof,Grass,45,-3.5,27,6
4197,2015,14,MN,NYG,MIA,Sun Life Stadium,77,78,6,SSE,Clear,Grass,46.5,-1.5,31,24
4198,2015,15,THU,TB,STL,Edward Jones Dome,,,,,Dome,AstroTurf,41,1,23,31
4199,2015,15,SAT,NYJ,DAL,AT&T Stadium,,,,,Closed Roof,AstroTurf,41.5,-3.5,19,16
4200,2015,15,SUN,CHI,MIN,TCF Bank Stadium,36,,3,N,Cloudy,FieldTurf,43,5.5,17,38
4201,2015,15,SUN,ATL,JAC,EverBank Field,65,60,8,NE,Chance Rain,Grass,49,3,23,17
4202,2015,15,SUN,HOU,IND,Lucas Oil Stadium,,,,,Closed Roof,AstroTurf,42,2,16,10
4203,2015,15,SUN,CAR,NYG,MetLife Stadium,41,37,8,WNW,Sunny,UBU Speed Series S5M,48,-4,38,35
4204,2015,15,SUN,TEN,NE,Gillette Stadium,40,41,12,W,Sunny,FieldTurf,46.5,14,16,33
4205,2015,15,SUN,BUF,WAS,FedEx Field,43,30,3,W,Sunny,Grass,44,-2,25,35
4206,2015,15,SUN,KC,BAL,M&T Bank Stadium,41,35,5,W,Sunny,MomentumTurf,41,-7,34,14
4207,2015,15,SUN,CLE,SEA,CenturyLink Field,47,56,10,S,Cloudy,FieldTurf,43,15,13,30
4208,2015,15,SUN,GB,OAK,O.co Coliseum,54,70,18,SSE,Cloudy,Grass,48,-3,30,20
4209,2015,15,SUN,DEN,PIT,Heinz Field,41,35,8,SSE,Partly Cloudy,Grass,44.5,7,27,34
4210,2015,15,SUN,MIA,SD,Qualcomm Stadium,61,49,11,WSW,Fair,Grass,46,2,14,30
4211,2015,15,SUN,CIN,SF,Levi's Stadium,52,63,14,ESE,Cloudy,Grass,40.5,-5.5,24,14
4212,2015,15,SN,ARI,PHI,Lincoln Financial Field,37,54,4,S,Partly Cloudy,Grass,51,-3.5,40,17
4213,2015,15,MN,DET,NO,Mercedes-Benz Superdome,,,,,Dome,UBU Speed Series S5M,51,3,35,27
4214,2015,16,THU,SD,OAK,O.co Coliseum,47,70,25,WNW,Partly Cloudy,Grass,46.5,5.5,20,23
4215,2015,16,SAT,WAS,PHI,Lincoln Financial Field,52,72,6,ENE,Cloudy,Grass,49,3,38,24
4216,2015,16,SUN,NE,NYJ,MetLife Stadium,57,83,14,WSW,Cloudy,FieldTurf,45.5,-3,20,26
4217,2015,16,SUN,HOU,TEN,LP Field,73,75,15,S,Cloudy,Grass,40.5,-3.5,34,6
4218,2015,16,SUN,CLE,KC,Arrowhead Stadium,36,91,16,NNE,Cloudy,Grass,42.5,10.5,13,17
4219,2015,16,SUN,IND,MIA,Sun Life Stadium,82,69,15,ESE,Partly Cloudy,Grass,44,2.5,18,12
4220,2015,16,SUN,PIT,BAL,M&T Bank Stadium,64,87,9,SW,Overcast,MomentumTurf,47,-10,17,20
4221,2015,16,SUN,JAC,NO,Mercedes-Benz Superdome,,,,,Dome,UBU Speed Series S5M,51.5,3,27,38
4222,2015,16,SUN,SF,DET,Ford Field,,,,,Dome,FieldTurf,43,10,17,32
4223,2015,16,SUN,DAL,BUF,Ralph Wilson Stadium,39,83,11,NNW,Rain,A Turf Titan,42,6.5,6,16
4224,2015,16,SUN,CHI,TB,Raymond James Stadium,83,59,13,SE,Cloudy,Grass,45.5,3.5,26,21
4225,2015,16,SUN,CAR,ATL,Georgia Dome,,,,,Dome,AstroTurf,47.5,-6.5,13,20
4226,2015,16,SUN,STL,SEA,CenturyLink Field,37,86,0,CALM,Cloudy,FieldTurf,40.5,12,23,17
4227,2015,16,SUN,GB,ARI,University of Phoenix Stadium,,,,,Closed Roof,Grass,50.5,4.5,8,38
4228,2015,16,SN,NYG,MIN,TCF Bank Stadium,13,,8,NW,Partly Cloudy,FieldTurf,44.5,6.5,17,50
4229,2015,16,MN,CIN,DEN,Sports Authority Field at Mile High,16,75,6,NE,Mostly Cloudy,Grass,39.5,3.5,17,20
4230,2015,17,SUN,NYJ,BUF,Ralph Wilson Stadium,35,70,21,WSW,Cloudy,A Turf Titan,42,-2.5,17,22
4231,2015,17,SUN,NE,MIA,Sun Life Stadium,80,65,7,N,Cloudy,Grass,47,-10,10,20
4232,2015,17,SUN,NO,ATL,Georgia Dome,,,,,Dome,AstroTurf,53,5.5,20,17
4233,2015,17,SUN,BAL,CIN,Paul Brown Stadium,35,67,7,W,Mostly Cloudy,UBU Speed Series S5M,41.5,9.5,16,24
4234,2015,17,SUN,PIT,CLE,FirstEnergy Stadium,34,75,18,W,Cloudy,Grass,47,-10.5,28,12
4235,2015,17,SUN,JAC,HOU,NRG Stadium,,,,,Closed Roof,Grass,45.5,6.5,6,30
4236,2015,17,SUN,TEN,IND,Lucas Oil Stadium,,,,,Closed Roof,AstroTurf,39,3.5,24,30
4237,2015,17,SUN,WAS,DAL,AT&T Stadium,,,,,Closed Roof,AstroTurf,39.5,4,34,23
4238,2015,17,SUN,PHI,NYG,MetLife Stadium,45,38,17,W,Sunny,UBU Speed Series S5M,51,3.5,35,30
4239,2015,17,SUN,DET,CHI,Soldier Field,31,67,15,NW,Cloudy,Grass,45.5,0,24,20
4240,2015,17,SUN,OAK,KC,Arrowhead Stadium,37,56,9,N,Sunny,Grass,43.5,7,17,23
4241,2015,17,SUN,SD,DEN,Sports Authority Field at Mile High,50,21,5,N,Mostly Sunny,Grass,41.5,9,20,27
4242,2015,17,SUN,SEA,ARI,University of Phoenix Stadium,,,,,Closed Roof,Grass,47,6.5,36,6
4243,2015,17,SUN,STL,SF,Levi's Stadium,53,59,6,NNW,Partly Cloudy,Grass,37.5,-3,16,19
4244,2015,17,SUN,TB,CAR,Bank of America Stadium,54,31,4,NW,Partly Cloudy,Grass,46,10.5,10,38
4245,2015,17,SN,MIN,GB,Lambeau Field,24,70,11,W,Cloudy,DD GrassMaster,45.5,3,20,13
4246,2015,18,SAT,KC,HOU,NRG Stadium,,,,,Closed Roof,Grass,40,-3.5,30,0
4247,2015,18,SAT,PIT,CIN,Paul Brown Stadium,51,82,5,SE,Light Rain,UBU Speed Series S5M,45.5,-3,18,16
4248,2015,18,SUN,SEA,MIN,TCF Bank Stadium,-6,,12,W,Clear,FieldTurf,39.5,-5,10,9
4249,2015,18,SUN,GB,WAS,FedEx Field,61,47,14,SW,Cloudy,Grass,45,-1,35,18
4250,2015,19,SAT,KC,NE,Gillette Stadium,38,86,6,WNW,Partly Cloudy,FieldTurf,43,5,20,27
4251,2015,19,SAT,GB,ARI,University of Phoenix Stadium,,,,,Closed Roof,Grass,49.5,7,20,26
4252,2015,19,SUN,SEA,CAR,Bank of America Stadium,43,65,7,NNE,Partly Cloudy,Grass,44,1.5,24,31
4253,2015,19,SUN,PIT,DEN,Sports Authority Field at Mile High,43,36,9,NW,Sunny,Grass,40,7.5,16,23
4254,2015,20,SUN,NE,DEN,Sports Authority Field at Mile High,46,36,6,N,Mostly Sunny,Grass,44.5,-3,18,20
4255,2015,20,SUN,ARI,CAR,Bank of America Stadium,39,39,4,SW,Clear,Grass,47.5,3,15,49
4256,2015,21,SUN,CAR,DEN,Sports Authority Field at Mile High,76,23,16,NE,Sunny,Grass,44.5,-5.5,10,24
